-- phpMyAdmin SQL Dump
-- version 5.2.1
-- https://www.phpmyadmin.net/
--
-- 主机： 127.0.0.1
-- 生成日期： 2024-11-21 15:13:39
-- 服务器版本： 11.4.4-MariaDB
-- PHP 版本： 8.1.17

SET SQL_MODE = "NO_AUTO_VALUE_ON_ZERO";
START TRANSACTION;
SET time_zone = "+00:00";


/*!40101 SET @OLD_CHARACTER_SET_CLIENT=@@CHARACTER_SET_CLIENT */;
/*!40101 SET @OLD_CHARACTER_SET_RESULTS=@@CHARACTER_SET_RESULTS */;
/*!40101 SET @OLD_COLLATION_CONNECTION=@@COLLATION_CONNECTION */;
/*!40101 SET NAMES utf8mb4 */;

--
-- 数据库： `game_bird`
--

-- --------------------------------------------------------

--
-- 表的结构 `account`
--

DROP TABLE IF EXISTS `account`;
CREATE TABLE IF NOT EXISTS `account` (
  `user_id` varchar(50) NOT NULL DEFAULT '' COMMENT '用户Id',
  `platform` varchar(50) NOT NULL DEFAULT '' COMMENT '所属平台',
  `username` varchar(50) NOT NULL DEFAULT '' COMMENT '账号',
  `password` varchar(50) NOT NULL DEFAULT '' COMMENT '密码',
  `nickname` varchar(50) NOT NULL DEFAULT '' COMMENT '用户名',
  `avatar_url` varchar(200) NOT NULL DEFAULT '' COMMENT '头像地址',
  `token` varchar(100) NOT NULL DEFAULT '' COMMENT '平台登录token',
  `refresh_token` varchar(100) NOT NULL DEFAULT '' COMMENT '平台刷新token',
  `open_id` varchar(100) NOT NULL DEFAULT '' COMMENT '平台用户Id',
  `create_time` int(11) UNSIGNED NOT NULL DEFAULT 0 COMMENT '创建时间戳',
  `is_admin` tinyint(4) UNSIGNED NOT NULL DEFAULT 0 COMMENT '是否管理员',
  `is_ban` tinyint(4) UNSIGNED NOT NULL DEFAULT 0 COMMENT '是否已封禁',
  PRIMARY KEY (`user_id`),
  KEY `platform` (`platform`)
) ENGINE=InnoDB DEFAULT CHARSET=utf8mb4 COLLATE=utf8mb4_general_ci COMMENT='账号表';

--
-- 转存表中的数据 `account`
--

INSERT INTO `account` (`user_id`, `platform`, `username`, `password`, `nickname`, `avatar_url`, `token`, `refresh_token`, `open_id`, `create_time`, `is_admin`, `is_ban`) VALUES
('car-5aef2f3939114287adaf3ae588d80621', 'car', 'admin', 'admin', '无名氏', '/assets/images/avatar/d.jpg', '', '', '', 1732026229, 0, 0),
('car-8673349586c24ac596d05b4b514e3518', 'car', 'admin1', 'admin1', '无名氏', '/assets/images/avatar/d.jpg', '', '', '', 1732026229, 0, 0),
('car-e228955529844c9dba6e32e74264faaa', 'car', 'abc123', 'abc123', '无名氏', '/assets/images/avatar/d.jpg', '', '', '', 1731856702, 0, 0),
('qq-2c0e39f741304d0fae470909fbb746c0', 'qq', '', '', '重温旧梦KyTKpM', 'https://gd-hbimg.huaban.com/0ee0ff42b701eb654f768245030bb20d824baf9311952c-KEW4cS_sq75webp', 'AT-604bad2ff3404beeadd6661137b5d604', 'RT-e9e0c4f5132a4b6a9b9d3a1b97089e88', '9566ef2985b1441982261ebf0c98306e', 1731434068, 0, 0);

-- --------------------------------------------------------

--
-- 表的结构 `base_bait`
--

DROP TABLE IF EXISTS `base_bait`;
CREATE TABLE IF NOT EXISTS `base_bait` (
  `id` int(11) UNSIGNED NOT NULL DEFAULT 0 COMMENT '诱饵Id',
  `name` varchar(100) NOT NULL COMMENT '名称',
  `desc_text` varchar(500) NOT NULL COMMENT '描述',
  `bird_set` varchar(100) NOT NULL COMMENT '可捕捉小鸟列表, 小鸟Id,...',
  `fee_type` tinyint(4) UNSIGNED NOT NULL DEFAULT 0 COMMENT '价格类型,1金币/2元宝/3爱心',
  `fee_price` int(11) UNSIGNED NOT NULL DEFAULT 0 COMMENT '价格数值',
  `exp` int(11) UNSIGNED NOT NULL DEFAULT 0 COMMENT '经验',
  `sex` tinyint(4) UNSIGNED NOT NULL DEFAULT 0 COMMENT '性别',
  `status` tinyint(4) UNSIGNED NOT NULL DEFAULT 0 COMMENT '状态',
  `lu` smallint(11) UNSIGNED NOT NULL DEFAULT 0 COMMENT '购买等级限制',
  `lb` tinyint(11) UNSIGNED NOT NULL DEFAULT 0 COMMENT '使用区域限制',
  `ut` int(11) UNSIGNED NOT NULL DEFAULT 0 COMMENT 'ut',
  `num` int(11) UNSIGNED NOT NULL DEFAULT 0 COMMENT '单次购买数量',
  `is_shopping` tinyint(4) UNSIGNED NOT NULL DEFAULT 0 COMMENT '是否在商店出售',
  PRIMARY KEY (`id`) USING BTREE
) ENGINE=InnoDB DEFAULT CHARSET=utf8mb4 COLLATE=utf8mb4_general_ci COMMENT='诱饵配置表';

--
-- 转存表中的数据 `base_bait`
--

INSERT INTO `base_bait` (`id`, `name`, `desc_text`, `bird_set`, `fee_type`, `fee_price`, `exp`, `sex`, `status`, `lu`, `lb`, `ut`, `num`, `is_shopping`) VALUES
(1, '谷子', '也叫小米，原产于中国北方黄河流域，中国古代的主要粮食作物。是麻雀和燕子的最爱。', '1,2', 1, 2, 1, 3, 1, 1, 1, 0, 1, 1),
(2, '燕麦', '又叫雀麦、野麦。纤维质较多。可以引诱到燕子、乌鸦和麻雀', '2,3,1', 1, 4, 2, 3, 1, 4, 1, 0, 1, 1),
(3, '大豆', '原产于中国的白而硬的豆类。可以引诱喜鹊、燕子和鹌鹑', '4,2,6', 1, 6, 2, 3, 1, 5, 1, 0, 1, 1),
(4, '大米', '世界上有一半人口以大米为主食。 可以引诱鸽子、野鸭和山鸡', '7,5,8', 1, 15, 2, 3, 1, 7, 1, 0, 1, 1),
(5, '玉米', '原产南美大陆的谷物。属于中南美地区的主食。可以引诱喜鹊、鸽子和鹦鹉', '4,7,9', 1, 18, 3, 3, 1, 9, 1, 0, 1, 1),
(6, '小鱼', '将鱼腌制或晒干后制成。可以引诱鹦鹉、猫头鹰、野鸭。', '9,10,5', 1, 24, 15, 3, 1, 11, 1, 0, 1, 1),
(7, '饼干屑', '饼干的碎屑。可以引诱黄鹂和金丝雀', '11,12', 2, 5, 2, 3, 1, 12, 1, 0, 1, 1),
(8, '松子', '松子是松树的种子，又称海松子。含脂肪、蛋白质、碳水化合物等。可以引诱黄鹂、松鸡、猫头鹰和金丝雀', '11,13,10,12', 1, 28, 10, 3, 1, 13, 1, 0, 1, 1),
(9, '白蚁', '白蚁亦称虫尉，属节肢动物门，昆虫纲。可以引诱松鸡、啄木鸟、斑鸠和鹧鸪。', '13,14,16,17', 1, 22, 12, 3, 1, 15, 1, 0, 1, 1),
(10, '草鱼', '中国淡水养殖的四大家鱼之一。可以引诱乌鸦、猫头鹰和大雁。', '3,10,15', 1, 45, 16, 3, 1, 17, 1, 0, 1, 1),
(11, '偷蛋猪', '就是偷鸟蛋的猪，所以鸟儿们都很讨厌它。像愤怒的小鸟、山鹰和鹧鸪就是以他为食的。', '19,18,17', 2, 15, 30, 3, 1, 19, 1, 0, 1, 1),
(12, '水草籽', '水草的种子。可引诱秧鸡和翠鸟。', '20,23', 1, 7, 1, 3, 1, 20, 3, 0, 1, 1),
(13, '小鱼苗', '孵化不久的幼鱼。可以引诱鹈鹕、鸬鹚和鹭鸶', '21,22,24', 1, 100, 10, 3, 1, 22, 3, 0, 1, 1),
(14, '小贝壳', '软体动物的一种。可引诱鹭鸶、海鸥和鹈鹕。', '24,25,21', 1, 60, 20, 3, 1, 24, 3, 0, 1, 1),
(15, '小螃蟹', '人们非常熟悉的一种动物，最厉害的防身武器是一对大螯。可引诱海鸥和军舰鸟', '25,26', 1, 16, 16, 3, 1, 26, 3, 0, 1, 1),
(16, '并蒂莲子', '长在同一茎上的两朵莲花生出的莲子。象征着百年好合、永结同心。可以引诱鸳鸯。', '27', 2, 12, 22, 3, 1, 27, 3, 0, 1, 1),
(17, '水仙茎', '水仙花的茎，可以引诱海鸥、海雀、翠鸟和水雉', '25,28,23,29', 1, 8, 2, 3, 1, 29, 3, 0, 1, 1),
(18, '小乌贼', '又称作墨鱼、墨斗鱼。遇敌害时迅速喷出黑色液体，将海水染黑，掩护自己逃生。可以引诱信天翁、大贼鸥、军舰鸟和企鹅。', '30,31,26,36', 1, 50, 12, 3, 1, 31, 3, 0, 1, 1),
(19, '螺丝', '我国的特产，和田螺很像。可以引诱潜鸟、鹳和火烈鸟', '32,33,34', 1, 35, 12, 3, 1, 33, 3, 0, 1, 1),
(20, '水蜘蛛', '又叫银蜘蛛，生活在水中。可引诱雨燕、海雀和翠鸟', '35,28,23', 1, 5, 1, 3, 1, 35, 3, 0, 1, 1),
(21, '鳕鱼', '狭鳕俗称明太鱼。有很高的经济价值。可引诱企鹅、天鹅和大贼鸥。', '36,37,31', 1, 60, 15, 3, 1, 37, 3, 0, 1, 1),
(22, '抢蛋猪', '传说中偷鸟蛋的猪，鸟儿们恨透它。可引诱极速小鸟和天鹅。', '38,37', 2, 25, 50, 3, 1, 38, 3, 0, 1, 1),
(23, '锦鲤', '锦鲤是风靡当今世界的一种高档观赏鱼。可引诱仙鹤、火烈鸟、企鹅和信天翁。', '39,34,36,30', 1, 160, 50, 3, 1, 39, 3, 0, 1, 1),
(24, '蚯蚓', '一种陆生环节动物生活在土壤中。可引诱沙鸡和火鸡。', '40,41', 1, 16, 1, 3, 1, 41, 5, 0, 1, 1),
(25, '蚜虫', '又称蜜虫，可引起枝叶枯萎甚至整株死亡。可引诱蜂鸟、百灵和沙鸡。', '42,43,40', 1, 18, 3, 3, 1, 42, 5, 0, 1, 1),
(26, '花蜜', '花朵分泌出来的甜汁，可引诱蜂鸟和夜莺。', '42,46', 2, 20, 1, 3, 1, 43, 5, 0, 1, 1),
(27, '毛毛虫', '昆虫的幼虫。可引诱杜鹃、布谷鸟和夜莺。', '44,45,46', 1, 180, 18, 3, 1, 45, 5, 0, 1, 1),
(28, '青蛙', '是两栖类动物，可引诱鹗和红隼', '47,48', 1, 310, 80, 3, 1, 48, 5, 0, 1, 1),
(29, '独角仙', '一种大型甲壳虫，又名兜虫，需要使用绳子道具。可引诱伯劳、大鸨和杜鹃', '49,50,44', 1, 200, 60, 3, 1, 50, 5, 0, 1, 1),
(30, '田鼠', '仓鼠科的一类，经常破败农作物。可引诱伯劳、犀鸟和鹗', '49,55,47', 1, 220, 2, 3, 1, 52, 5, 0, 1, 1),
(31, '兔子', '将野兔家畜化后得到的品种。可引诱金雕、苍鹰、鹞和红隼', '53,54,51,48', 1, 150, 45, 3, 1, 54, 5, 0, 1, 1),
(32, '仙人掌', '除了当作食材或药材之外，亦栽培为观赏用的植物。可引诱鸵鸟和鸸鹋。', '56,52,55', 1, 340, 38, 3, 1, 56, 5, 0, 1, 1),
(33, '头盔猪', '带着头盔的偷蛋猪。可引诱分裂小鸟和金雕。', '57,53', 2, 35, 20, 3, 1, 58, 5, 0, 1, 1),
(34, '蛇', '爬虫类冷血动物。部分有毒，大多数无毒。可引诱金雕、苍鹰、秃鹫和鹞。', '53,54,58,51', 1, 100, 30, 3, 1, 59, 5, 0, 1, 1),
(35, '鼻涕虫', '俗名“蜒蚰”，由蜗牛转变而来。可引诱旅鸽和红鸭。', '59,61', 1, 28, 4, 3, 1, 61, 7, 0, 1, 1),
(36, '核桃', '世界著名的“四大干果”之一。可引诱秃鹃和黄嘴沙鸭。', '62,63', 1, 260, 22, 3, 1, 63, 7, 0, 1, 1),
(37, '黄杏', '鲜果可生食。部分核仁有毒。可引诱渡渡鸟和荆棘鸟。', '64,60', 2, 30, 110, 3, 1, 65, 7, 0, 1, 1),
(38, '蜗牛', '最常见的软体动物之一。可引诱荆棘鸟、果鸠和太平鸟。', '60,65,67', 1, 8, 1, 3, 1, 67, 7, 0, 1, 1),
(39, '樱桃', '樱桃树的果实，营养丰富。可引诱渡渡鸟、几维鸟和黄嘴沙鸭。', '64,66,63', 1, 200, 75, 3, 1, 69, 7, 0, 1, 1),
(40, '小蜥蜴', '属于冷血爬虫类，是一种常见的爬行动物。可引诱太平鸟和极乐鸟。', '67,68', 1, 47, 90, 3, 1, 71, 7, 0, 1, 1),
(41, '毒蜘蛛', '有毒的蜘蛛。可引诱极乐鸟、几维鸟和太阳鸟。', '68,66,69', 1, 270, 90, 3, 1, 73, 7, 0, 1, 1),
(42, '钢盔猪', '带着钢盔的偷蛋猪。可引诱回转小鸟和象鸟。', '70,72', 2, 40, 22, 3, 1, 75, 7, 0, 1, 1),
(43, '恐龙蛋', '恐龙蛋是恐龙产下的蛋卵。可引诱恐鸟、象鸟和始祖鸟。', '71,72,73', 1, 680, 200, 3, 1, 77, 7, 0, 1, 1),
(44, '鼠龙', '一种生活在三叠纪晚期的食草恐龙。可引诱始祖鸟、翼龙、极乐鸟和恐鸟。', '73,74,68,71', 1, 580, 300, 3, 1, 79, 7, 0, 1, 1),
(45, '蓝宝石', '蓝色的宝石。可引诱金鹅和精卫。', '75,76', 1, 25, 1, 3, 1, 81, 9, 0, 1, 1),
(46, '曼陀罗花', '一年生草本植物。可引诱青鸟、七彩孔雀和精卫。', '77,78,76', 1, 43, 19, 3, 1, 83, 9, 0, 1, 1),
(47, '狼肉', '将狼肉腌制或晒干后制成。可以引诱狮鹫、雷鸟和青鸟。', '79,81,77', 1, 380, 140, 3, 1, 85, 9, 0, 1, 1),
(48, '孪生果', '长在一起的果实。可引诱比翼鸟。', '80', 2, 22, 8, 3, 1, 87, 9, 0, 1, 1),
(49, '巨蟒', '将蟒蛇肉腌制或晒干后制成。可以引诱雷鸟、九头鸟和三足鸟。', '81,85,82', 1, 210, 103, 3, 1, 89, 9, 0, 1, 1),
(50, '火球', '需要金属陷阱否则陷阱会被烧毁。可引诱三足乌、鸾鸟和朱雀', '82,83,84', 1, 5, 100, 3, 1, 91, 9, 0, 1, 1),
(51, '虎肉', '将虎肉腌制或晒干后制成。九头鸟、毕方和雷鸟', '85,86,81', 1, 234, 118, 3, 1, 93, 9, 0, 1, 1),
(52, '三味真火', '需要金属陷阱否则陷阱会被烧毁。可引诱毕方和炸弹小鸟。', '86,87', 2, 66, 130, 3, 1, 94, 9, 0, 1, 1),
(53, '受伤的白兔', '月宫里受伤的玉兔。可引诱天使、赤鷩和青鸟', '77,88,89', 1, 310, 150, 3, 1, 96, 9, 0, 1, 1),
(54, '梧桐籽', '梧桐树的种子。可引诱草鸡和凤凰', '91,90', 1, 30, 30, 3, 1, 98, 9, 0, 1, 1),
(55, '小神龙', '传说中的神物，掌管人间的雨水。可引诱神鹏、凤凰和天使。', '92,90,89', 1, 650, 428, 3, 1, 100, 9, 0, 1, 1),
(56, '番茄酱', '番茄打成的酱，可以捕捉稀有宠物皮卡丘，只有在活动期间才能获得。', '93', 3, 100, 10, 3, 0, 1, 3, 0, 1, 1),
(57, '月饼', '中秋美食，据说可以捕捉到限量版的流氓兔哦', '94', 3, 999, 15, 3, 0, 1, 3, 0, 1, 1),
(58, '潘狐猴', '潘多拉星球上一种居住在树上的小动物，类似地球上的狐猴或松鼠，食草，生有膜翼，可滑翔。迅雷兽最爱的食物。', '96', 3, 99, 60, 0, 1, 60, 7, 1, 1, 1),
(59, '闪雷兽', '潘多拉一种可怕的肉食性动物，有六条腿，通体蓝色，头后部有一圈可收起的花状冠。完美集合的力量、速度和灵活几大优点，丛林中的食物链顶级捕食者，唯一的天敌是空中霸主魅影兽。', '97', 3, 199, 180, 0, 1, 60, 7, 2, 1, 1),
(60, '潘狐幼猴', '潘多拉星球上一种居住在树上的小动物，类似地球上的狐猴或松鼠，食草，生有膜翼，可滑翔。迅雷兽最爱的食物。', '98', 3, 99, 10, 0, 1, 1, 3, 1, 1, 1),
(61, '闪雷幼兽', '潘多拉一种可怕的肉食性动物，有六条腿，通体蓝色，头后部有一圈可收起的花状冠。完美集合的力量、速度和灵活几大优点，丛林中的食物链顶级捕食者，唯一的天敌是空中霸主魅影兽。', '99', 3, 199, 30, 0, 1, 1, 3, 2, 1, 1),
(62, '小潘狐猴', '潘多拉星球上一种居住在树上的小动物，类似地球上的狐猴或松鼠，食草，生有膜翼，可滑翔。迅雷兽最爱的食物。', '100', 3, 99, 30, 0, 1, 20, 5, 1, 1, 1),
(63, '小闪雷兽', '潘多拉一种可怕的肉食性动物，有六条腿，通体蓝色，头后部有一圈可收起的花状冠。完美集合的力量、速度和灵活几大优点，丛林中的食物链顶级捕食者，唯一的天敌是空中霸主魅影兽。', '101', 3, 199, 90, 0, 1, 20, 5, 2, 1, 1),
(64, '潘狐猴王', '潘多拉星球上一种居住在树上的小动物，类似地球上的狐猴或松鼠，食草，生有膜翼，可滑翔。迅雷兽最爱的食物。', '102', 3, 99, 100, 0, 1, 100, 9, 1, 1, 1),
(65, '闪雷王兽', '潘多拉星球上一种居住在树上的小动物，类似地球上的狐猴或松鼠，食草，生有膜翼，可滑翔。迅雷兽最爱的食物。', '103', 3, 199, 300, 0, 1, 100, 9, 2, 1, 1),
(66, '南瓜糖', '惊悚可爱又好吃的南瓜糖，万圣塔中最受欢迎的东西！', '104', 3, 199, 20, 3, 1, 50, 5, 3, 1, 1),
(67, '圣诞袜', '可爱的圣诞袜，平安夜放在床头就能吸引圣诞老人带着圣诞麋鹿来送礼物啦', '105', 3, 9999, 400, 3, 0, 1, 9, 0, 1, 1),
(68, '冰淇淋', '什么东西冰冰的甜甜的？当然是史努比最爱的冰淇淋!', '106', 3, 9999, 100, 3, 0, 1, 5, 0, 1, 1),
(69, '小龙珠', '一颗闪闪发光的小龙珠，上面隐约还能看到隶书的中国字样“壬辰”', '107', 3, 9999, 400, 3, 0, 1, 1, 0, 1, 1),
(70, '白羊之星', '这颗珍贵的“白羊之星”是唯一能捕捉到白羊鸟的信物', '108', 3, 999, 80, 3, 0, 1, 9, 0, 1, 1),
(71, '金牛之星', '这颗珍贵的“金牛之星”是唯一能捕捉到金牛鸟的信物', '109', 3, 9999, 80, 3, 0, 1, 9, 0, 1, 1),
(72, '双子之星', '这颗珍贵的“双子之星”是唯一能捕捉到双子鸟的信物', '110', 3, 9999, 80, 3, 0, 1, 9, 0, 1, 1);

-- --------------------------------------------------------

--
-- 表的结构 `base_bird`
--

DROP TABLE IF EXISTS `base_bird`;
CREATE TABLE IF NOT EXISTS `base_bird` (
  `id` int(11) UNSIGNED NOT NULL DEFAULT 0 COMMENT '小鸟Id',
  `lv` smallint(11) UNSIGNED NOT NULL DEFAULT 0 COMMENT '等级',
  `name` varchar(100) NOT NULL DEFAULT '' COMMENT '名称',
  `desc_text` varchar(500) NOT NULL DEFAULT '' COMMENT '描述',
  `type` tinyint(11) UNSIGNED NOT NULL DEFAULT 0 COMMENT '类型:1敏捷,2力量,3魔法,4幻想',
  `field` smallint(6) UNSIGNED NOT NULL DEFAULT 0 COMMENT '捕获场景Id',
  `min_weight` int(11) UNSIGNED NOT NULL DEFAULT 0 COMMENT '最小重量',
  `max_weight` int(11) UNSIGNED NOT NULL DEFAULT 0 COMMENT '最大重量',
  `catch_exp` int(11) UNSIGNED NOT NULL DEFAULT 0 COMMENT '捕获获得经验',
  `catch_min` smallint(6) UNSIGNED NOT NULL DEFAULT 0 COMMENT '捕获耗费分钟',
  `price` int(11) UNSIGNED NOT NULL DEFAULT 0 COMMENT '出售每斤价格',
  `status` tinyint(4) NOT NULL DEFAULT 0 COMMENT '状态',
  `s` int(11) UNSIGNED NOT NULL DEFAULT 0 COMMENT 's',
  `r` int(11) UNSIGNED NOT NULL DEFAULT 0 COMMENT 'r',
  `lvu` int(11) UNSIGNED NOT NULL DEFAULT 0 COMMENT 'lvu',
  `probability` int(11) UNSIGNED NOT NULL DEFAULT 0 COMMENT '权重',
  PRIMARY KEY (`id`) USING BTREE
) ENGINE=InnoDB DEFAULT CHARSET=utf8mb4 COLLATE=utf8mb4_general_ci COMMENT='小鸟配置表';

--
-- 转存表中的数据 `base_bird`
--

INSERT INTO `base_bird` (`id`, `lv`, `name`, `desc_text`, `type`, `field`, `min_weight`, `max_weight`, `catch_exp`, `catch_min`, `price`, `status`, `s`, `r`, `lvu`, `probability`) VALUES
(1, 1, '麻雀', '鸟纲雀形目文鸟科麻雀属鸟类的通称，亦叫北国鸟。嘴短而强健，呈圆锥形，稍向下弯；初级飞羽 9 枚，外缘具两道淡色横斑。', 1, 1, 50, 150, 10, 2, 6, 1, 1, 1, 1, 200),
(2, 2, '燕子', '燕子是雀形目燕科74种鸟类的统称。形小，翅尖窄，凹尾短喙，足弱小。羽衣单色，或有带金属光泽的蓝或绿色；大多数种类两性相似。', 3, 1, 50, 150, 10, 2, 7, 1, 1, 1, 2, 100),
(3, 3, '乌鸦', '乌鸦是雀形目鸦科数种黑色鸟类的俗称。为雀形目鸟类中个体最大的，体长400～490毫米；羽毛大多黑色或黑白两色，黑羽具紫蓝色金属光泽；翅远长于尾；嘴、腿及脚纯黑色。\n', 2, 1, 50, 300, 18, 3, 4, 1, 1, 1, 3, 80),
(4, 4, '喜鹊', '喜鹊是鸟纲雀形目鸦科鹊属的一种。喜鹊体形很大，羽毛大部为黑色，肩腹部为白色。', 3, 1, 50, 250, 14, 3, 8, 1, 1, 0, 4, 60),
(5, 5, '野鸭', '野鸭是水鸟的典型代表。野鸭能进行长途的迁徙飞行，最高的飞行速度能达到时速110公里。\n', 2, 1, 200, 500, 50, 10, 9, 1, 1, 0, 5, 30),
(6, 6, '鹌鹑', '鹌鹑是雉科中体形较小的一种。野生鹌鹑尾短翅长而尖，上体有黑色和棕色斑相间杂，具有浅黄色羽干纹，下体灰白色，颊和喉部赤褐色，嘴沿灰色，谢淡黄色。', 3, 1, 20, 100, 6, 1, 5, 1, 1, 0, 6, 150),
(7, 7, '鸽子', '鸽是鸽形目鸠鸽科数百种鸟类的统称。一种善于飞行的鸟，品种很多，羽毛的颜色也多，主要以谷类为食。\n', 1, 1, 100, 350, 25, 7, 16, 1, 1, 0, 7, 40),
(8, 8, '山鸡', '又叫野鸡、雉鸡。性情活泼，善于奔走而不善飞行，喜欢游走觅食，奔跑速度快，高飞能力差，只能短距离低飞并且不能持久。', 2, 1, 200, 600, 70, 19, 23, 1, 1, 0, 8, 40),
(9, 9, '鹦鹉', '鹦鹉指鹦形目众多艳丽、爱叫的鸟。它们以其美丽无比的羽毛，善学人语技能的特点，更为人们所欣赏和钟爱。', 3, 1, 150, 350, 28, 5, 7, 1, 1, 0, 9, 70),
(10, 10, '猫头鹰', '猫头鹰眼周的羽毛呈辐射状，细羽的排列形成脸盘，面形似猫，因此得名为猫头鹰。它周身羽毛大多为褐色，散缀细斑，稠密而松软，飞行时无声。', 2, 1, 200, 500, 79, 15, 16, 1, 1, 0, 10, 45),
(11, 11, '黄鹂', '黄鹂是一些中等体型的鸣禽，是黄鹂科黄鹂属29种鸟类的通称。体羽一般由全黄色的羽毛组成。', 1, 1, 50, 200, 20, 5, 22, 1, 1, 0, 11, 54),
(12, 12, '金丝雀', '金丝雀又名芙蓉鸟、芙蓉、白玉、白玉鸟、玉鸟、白燕，是雀目科食谷类鸟。此种鸟身体细长、羽色变化较多，由黄白、橙红、古铜、银灰等色。', 3, 1, 20, 80, 5, 1, 11, 1, 1, 0, 12, 108),
(13, 13, '松鸡', '体大而尾相对短的雉类。具明显的飘逸型耳羽束。', 2, 1, 300, 800, 230, 80, 90, 1, 1, 0, 13, 30),
(14, 14, '啄木鸟', '啄木鸟的别称是“森林医生”。它们觅食天牛、吉丁虫、透翅蛾、蠢虫等有害虫，每天能吃掉大约1500条。', 3, 1, 200, 600, 68, 15, 19, 1, 1, 0, 14, 72),
(15, 15, '大雁', '大雁属鸟纲，鸭科，是雁亚科各种类的通称，一种大型游禽。形状略似家鹅，有的较小。嘴宽而厚，嘴甲比较宽阔，啮缘有较钝的栉状突起。', 2, 1, 600, 1200, 260, 120, 94, 1, 1, 0, 15, 22),
(16, 16, '斑鸠', '斑鸠是一种候鸟。体淡红褐色，头蓝灰色，尾尖白色。在地面觅食，吃大量小型种子。', 3, 1, 200, 500, 40, 6, 6, 1, 1, 0, 16, 81),
(17, 17, '鹧鸪', '鹧鸪以谷物、豆类和昆虫为食。体形似鸡而比鸡小，羽毛大多黑白相杂，尤以背上和胸、腹等部的眼状白斑更为显著。', 1, 1, 300, 600, 55, 12, 15, 1, 1, 0, 17, 45),
(18, 18, '山鹰', '一种在山地栖息的鹰。猛禽类，嘴蓝黑色，上嘴弯曲，脚强健有力，趾有锐利的爪，翼大善飞。吃蛇、鼠和其他鸟类。\r\n', 2, 1, 500, 1000, 240, 160, 176, 1, 1, 0, 18, 9),
(19, 19, '愤怒小鸟', '为了报复偷走鸟蛋的绿皮猪们，鸟儿以自己的身体为武器，仿佛炮弹一样去攻击绿皮猪们的堡垒。体红，形圆，非常可爱。', 4, 1, 40, 50, 2, 1, 22, 1, 1, 0, 19, 20),
(20, 20, '秧鸡', '形状稍似鸡，翅短圆，尾短，脚大，趾长。体羽主要为暗灰褐色。许多种类具有隐晦的横斑。', 3, 3, 50, 100, 6, 2, 23, 1, 1, 0, 20, 80),
(21, 21, '鹈鹕', '鹈鹕，让人一眼就能认出它们的是嘴下面的那个大皮囊。鹈鹕的嘴长30多厘米，大皮囊是下嘴壳与皮肤相连接形成的，可以自由伸缩，是它们存储食物的地方。', 2, 3, 500, 1400, 350, 100, 70, 1, 1, 0, 21, 24),
(22, 22, '鸬鹚', '鸬鹚，也叫水老鸦、鱼鹰。身体比鸭狭长，体羽为金属黑色，善潜水捕鱼，飞行时直线前进。', 1, 3, 400, 800, 86, 25, 31, 1, 1, 0, 22, 40),
(23, 23, '翠鸟', '翠鸟佛法僧目翠鸟科的1属。自额至枕蓝黑色，密杂以翠蓝横斑，背部辉翠蓝色，腹部栗棕色；头顶有浅色横斑；嘴和脚均赤红色。', 3, 3, 100, 300, 20, 5, 19, 1, 1, 0, 23, 64),
(24, 24, '鹭鸶', '鹭鸶（lù sī）是鹭科的鸟类。它们具有长嘴、长颈、长脚的外型，羽色有白色、褐色、灰蓝色等，有些鹭科鸟类羽色有冬羽、夏羽分别。', 2, 3, 800, 1600, 350, 150, 103, 1, 1, 0, 24, 24),
(25, 25, '海鸥', '海鸥是一种中等体型的鸥。腿及无斑环的细嘴绿黄色，白尾，初级飞羽羽尖白色，具大块的白色翼镜。', 1, 3, 300, 600, 45, 9, 13, 1, 1, 0, 25, 48),
(26, 26, '军舰鸟', '军舰鸟是鹈形目军舰鸟科5种大型海鸟的通称。具极细长的翅及长而深的叉形尾，翅展长约可达2.3米，一般雄性成鸟的体羽全黑，雌性成鸟的下部则为明显白色。', 2, 3, 500, 1000, 160, 30, 24, 1, 1, 0, 26, 32),
(27, 27, '鸳鸯', '鸳鸯：鸳指雄鸟，鸯指雌鸟，故鸳鸯属合成词。雄鸳鸯是羽色最鲜艳华丽的野鸭。', 3, 3, 200, 400, 22, 8, 25, 1, 1, 0, 27, 24),
(28, 28, '海雀', '前趾间有蹼膜，后趾缺如。翅窄而短小，尾短。全世界有13属21种。是典型的海鸟。体羽黑白二色，雌雄羽色相似。上岸时大致呈直立式，状如企鹅。 ', 1, 3, 100, 300, 22, 3, 8, 1, 1, 0, 28, 104),
(29, 29, '水雉', '水雉，是水雉科的一种。体型略大，金黄褐白羽色和长长尾羽，水上盈盈、姿态翩翩又有“凌波仙子”美称。', 1, 3, 400, 500, 32, 5, 7, 1, 1, 0, 29, 72),
(30, 30, '信天翁', '信天翁属于鹱形目、信天翁科。身长90—95厘米嘴的前端有，全身白色，头顶、枕沾橙黄色，翅、肩和尾灰褐色，内侧翼上覆羽白色。', 2, 3, 700, 900, 136, 28, 26, 1, 1, 0, 30, 42),
(31, 31, '大贼鸥', '大贼鸥体长约60公分，形似海鸥，但较粗重，淡褐色，具白色大翅斑。经常出其不意地袭击企鹅的栖息地，叼食企鹅的蛋和雏企鹅，闹得鸟飞蛋打，四邻不安。', 2, 3, 800, 1200, 140, 38, 32, 1, 1, 0, 31, 35),
(32, 32, '潜鸟', '潜鸟几乎全为水栖性，能在水下游很长距离，并能从水面下潜到60公尺深处。喙圆锥形而坚硬；翅小，尖形；前3趾之间具蹼；腿位于身体後部，因此步履蹒跚。', 1, 3, 300, 400, 40, 6, 11, 1, 1, 0, 32, 84),
(33, 33, '鹳', '鹳与鹭、红鹳和鹮有亲缘关系。头和颈的全部或部分可能没有羽毛。鹳无鸣管，所以不发声或几乎不发声，但有些种在兴奋时击嘴作声。', 2, 3, 1000, 1200, 140, 21, 12, 1, 1, 0, 33, 28),
(34, 34, '火烈鸟', '火烈鸟，是鹳形目红鹳科红鹳属的一种，因全身为火红色而得名。嘴短而厚，上嘴中部突向下曲，下嘴较大成槽状 ；颈长而曲。', 3, 3, 1200, 1800, 350, 200, 140, 1, 1, 0, 34, 21),
(35, 35, '雨燕', '雨燕是飞翔速度最快的鸟类，翅膀上有十枚长的初级飞羽和一组短的次级飞羽。常在空中捕食昆虫，翼长而腿，脚弱小。', 1, 3, 100, 200, 10, 1, 3, 1, 1, 0, 35, 105),
(36, 36, '企鹅', '企鹅不能飞翔；脚生于身体最下部，故呈直立姿势；趾间有蹼；跖行性。背部黑色，腹部白色。', 3, 3, 600, 2200, 450, 100, 57, 1, 1, 0, 36, 21),
(37, 37, '天鹅', '天鹅是游禽中体形最大的鸟类。嘴红，嘴基有大片黄色。黄色延至上喙侧缘成尖状。游水时颈较疣鼻天鹅为直。', 3, 3, 1000, 2400, 500, 160, 89, 1, 1, 0, 37, 7),
(38, 38, '极速小鸟', '为了报复偷走鸟蛋的绿皮猪们，鸟儿以自己的身体为武器，仿佛炮弹一样去攻击绿皮猪们的堡垒。体黄，形三角，可以突然加速到非一般的速度。', 4, 3, 100, 300, 4, 4, 26, 1, 1, 0, 38, 10),
(39, 39, '仙鹤', '传说中的仙鹤，就是丹顶鹤，性情高雅，形态美丽，是生活在沼泽或浅水地带的一种大型涉禽。主要以鱼、虾、贝类和植物根茎为食。', 3, 3, 1500, 3000, 600, 480, 244, 1, 1, 0, 39, 7),
(40, 41, '沙鸡', '沙鸡外形似鸽，体羽灰或褐色，翅尖，腿短，大多数种类有针状中央尾羽。飞行及奔跑均迅速。', 2, 5, 300, 600, 30, 3, 3, 1, 1, 0, 41, 54),
(41, 42, '火鸡', '火鸡，又名七面鸟或吐绶鸡。头部裸露，有皮瘤，一般情况下呈鲜红色，但兴奋时变成白色，带亮蓝色。', 2, 5, 800, 1400, 183, 40, 34, 1, 1, 0, 42, 36),
(42, 43, '蜂鸟', '蜂鸟是世界上已知最小的鸟类，能够通过快速拍打翅膀悬停在空中，每秒约15次到80次。肌肉强健，翅桨片状，甚长，能敏捷地上下飞、侧飞和倒飞。', 1, 5, 100, 200, 5, 2, 17, 1, 1, 0, 43, 24),
(43, 44, '百灵', '百灵鸟额部、头顶及后颈部均为栗红色；眼前、眼周及眉纹为棕白色，左右两侧眉纹延伸至枕部相接而现棕色；背、腰栗褐色。', 3, 5, 200, 400, 12, 5, 21, 1, 1, 0, 44, 18),
(44, 45, '杜鹃', '杜鹃是捕虫能手。尾长，凸尾，个别尾羽尖端白色。腿中等长或较长，脚对趾型，即外趾翻转，趾尖向後。喙强壮而稍向下弯。 ', 2, 5, 500, 1000, 120, 100, 175, 1, 1, 0, 45, 42),
(45, 46, '布谷鸟', '布谷鸟体形大小和鸽子相仿但较细长，上体暗灰色腹部布满了横斑。叫声是“布谷布谷，布谷布谷”、“快快割麦!快快割麦!”、“快快播谷！快快播谷!”', 1, 5, 300, 800, 50, 10, 18, 1, 1, 0, 46, 48),
(46, 47, '夜莺', '夜莺，体色灰褐，是玩赏鸟的种类之一。夜莺的羽色并不绚丽，但其的鸣唱非常出众，音域极广。与其他鸟类不同，夜莺是少有的在夜间鸣唱的鸟类，故得其名。\n', 3, 5, 490, 500, 30, 3, 4, 1, 1, 0, 47, 70),
(47, 48, '鹗', '鹗俗称“鱼鹰”。一种大型无害的鹰，世界许多国家都有，上体深褐色，下体大部纯白，建有巨大的巢，常年复一年地使用，用盘旋和急降的方法捕食水中的鱼。', 2, 5, 1000, 1800, 200, 40, 28, 1, 1, 0, 48, 40),
(48, 49, '红隼', '以猎食时有翱翔习性而著名。吃大型昆虫、鸟和小哺乳动物。呈现两性色型差异，这在鹰中是罕见的；雄鸟的颜色更鲜豔。', 1, 5, 1200, 1600, 180, 100, 94, 1, 1, 0, 49, 30),
(49, 50, '伯劳', '雀形目伯劳科鸟类。嘴强壮，上嘴先端具缺刻和钩；鼻孔部分被羽毛掩盖；跗蹠强健有力。', 3, 5, 600, 1800, 250, 28, 14, 1, 1, 0, 50, 30),
(50, 51, '大鸨', '大鸨是鹤形目鸨科的大型地栖鸟类。嘴短，头长、基部宽大于高，颈粗直，腿强健。翅大而圆，第3 枚初级飞羽最长。', 2, 5, 1500, 3000, 700, 400, 230, 1, 1, 0, 51, 15),
(51, 52, '鹞', '鹞，鹰科鹞亚科鸟类。体细瘦，体羽单色不鲜豔，腿长，尾长，低飞于草甸和沼泽上，觅食鼠、蛇、蛙、小鸟和昆虫。', 1, 5, 1400, 1800, 200, 19, 6, 1, 1, 0, 52, 35),
(52, 53, '鸸鹋', '属于大型而不能飞翔的鹤鸵目食火鸟科。外表很像鸵鸟，是世界第二大鸟，高度约两米左右，跑的速度每小时可达四十五公里。', 2, 5, 3000, 4000, 1000, 540, 203, 1, 1, 0, 53, 15),
(53, 54, '金雕', '金雕以其突出的外观和敏捷有力的飞行而著名；成鸟的翼展平均超过2米，体长则可达1米，其腿爪上全部都有羽毛覆盖著。以大中型的鸟类和兽类为食。', 3, 5, 2000, 3500, 620, 360, 177, 1, 1, 0, 54, 10),
(54, 55, '苍鹰', '主要捕食鸽子等鸟类和野兔，也能猎取松鸡和狐等大型猎物。头顶、枕和头侧黑褐色，枕部有白羽尖，眉纹白杂黑纹；背部棕黑色；胸以下密布灰褐和白相间横纹；尾灰褐，尾方形。', 1, 5, 1000, 3000, 360, 90, 52, 1, 1, 0, 55, 20),
(55, 56, '犀鸟', '犀鸟以某些种类上嘴基部的骨质盔突而著名。嘴就占了身长的1／3到一半，一双大眼睛上长有粗长的眼睫毛。长有一个铜盔状的突起，叫做盔突，就好像犀牛的角一样，故而得名犀鸟。', 1, 5, 200, 400, 12, 3, 13, 1, 1, 0, 56, 50),
(56, 57, '鸵鸟', '一种体形巨大、不会飞但奔跑得很快的鸟 ，是世界上存活着的最大的鸟。颈长，头小，脖子长裸，嘴扁平，翼短小，不能飞，腿长，脚有力，善于行走和奔跑。雌鸟灰褐色，雄鸟的翼和尾部有白色羽毛。', 2, 5, 3000, 6000, 1800, 700, 199, 1, 1, 0, 57, 5),
(57, 58, '分裂鸟', '为了报复偷走鸟蛋的绿皮猪们，鸟儿以自己的身体为武器，仿佛炮弹一样去攻击绿皮猪们的堡垒。体蓝，形小而圆，可以突然分身为三个本体。', 4, 5, 790, 800, 20, 20, 41, 1, 1, 0, 58, 5),
(58, 59, '秃鹫', '秃鹫秃鹫又叫秃鹰、座山雕，泛指一类以食腐肉为生的大型猛禽。头部为褐色绒羽，后头羽色稍淡，颈裸出，呈铅蓝色，皱领白褐色。', 2, 5, 3000, 5000, 1000, 300, 95, 1, 1, 0, 59, 5),
(59, 61, '旅鸽', '鸽形目鸠鸽科鸠鸽亚科的一种。又称漂泊鸠，为近代绝灭鸟类中最为著名的代表。主要食用浆果、坚果、种子和无脊椎动物。1900年最后一只野生旅鸽被杀死。', 1, 7, 400, 1000, 60, 11, 19, 1, 1, 0, 61, 42),
(60, 62, '荆棘鸟', '是产自南美的一种珍稀鸟类，因其擅长在荆棘灌木丛中觅食，其羽毛象燃烧的火焰般鲜艳而得名。体型小，高傲着头，挺美观，挺气派。', 3, 7, 200, 500, 18, 4, 15, 1, 1, 0, 62, 60),
(61, 63, '红鸭', '长脖子是淡红色的，身体是光润的深茶色。雌鸭的颜色稍浅，头和脖子是白色的，稍稍成淡红色。到了1942年，最后的一只红鸭也死去了。', 2, 7, 600, 1200, 60, 10, 13, 1, 1, 0, 63, 48),
(62, 64, '秃鹃', '又叫隐鹮。它们的头部及面部都没有羽毛，会在山崖而非树上繁殖及喜欢栖息在干旱的环境。是极为珍稀的鸟类。', 3, 7, 1000, 1500, 100, 60, 76, 1, 1, 0, 64, 24),
(63, 66, '黄嘴沙鸭', '英国硕果仅存的三只珍罕山蓝鸭， 两雄一雌本来大有机会开枝散叶，奈何两雄竟有断背癖，朝夕依偎相恋，对异性不屑一顾。 \n', 2, 7, 200, 800, 30, 20, 66, 1, 1, 0, 66, 38),
(64, 67, '渡渡鸟', '体羽蓝灰色，头大。因为翅膀小，所以不能飞。人类发现后仅仅200年的时间里，便由于人类的捕杀和人类活动的影响彻底绝灭', 2, 7, 3000, 5000, 900, 250, 86, 1, 1, 0, 67, 16),
(65, 68, '果鸠', '果鸠的羽毛颜色很丰富：灰绿色的身体，橘色的翅膀，头冠呈鲜紫色。主要吃一些油脂丰富的小型水果，通常是囫囵吞下，把果肉消化后排出种子。', 3, 7, 300, 600, 22, 3, 8, 1, 1, 0, 68, 62),
(66, 70, '几维鸟', '几维鸟的身材小而粗短，嘴长而尖，腿部强壮，羽毛细如丝发，由于翅膀退化，因此无法飞行。觅食以昆虫，蜗牛，蜘蛛，蠕虫，虾，为主。', 1, 7, 400, 1200, 60, 30, 62, 1, 1, 0, 70, 9),
(67, 72, '太平鸟', '属小型鸣禽，全身基本上呈葡萄灰褐色，头部色深呈栗褐色，头顶有一细长呈簇状的羽冠，一条黑色贯眼纹从嘴基经眼到后枕，位于羽冠两侧，在栗褐色的头部极为醒目。', 3, 7, 200, 300, 4, 1, 6, 1, 1, 0, 72, 27),
(68, 73, '极乐鸟', '人们又称其为“天堂鸟”、“女神鸟”等，是世界上著名的观赏鸟。鸣声粗厉。以各种果实为食，也吃昆虫、蛙、蜥蜴等。', 3, 7, 1000, 3000, 400, 120, 91, 1, 1, 0, 73, 6),
(69, 74, '太阳鸟', '嘴细长而下弯，嘴缘先端具细小的锯齿；舌呈管状，尖端分叉；尾呈楔形。如果一只雌鸟爱上了它所见到的那只雄鸟，就会和它交配。但交配后它会离开雄鸟，独自产蛋和抚养幼子。', 1, 7, 10, 50, 1, 2, 135, 1, 1, 0, 74, 12),
(70, 75, '回转小鸟', '为了报复偷走鸟蛋的绿皮猪们，鸟儿以自己的身体为武器，仿佛炮弹一样去攻击绿皮猪们的堡垒。体绿，形长，有剪刀状的嘴巴，能突然转向飞行。', 4, 7, 1000, 2000, 128, 18, 15, 1, 1, 0, 75, 10),
(71, 76, '恐鸟', '生活于新西兰第四纪的巨型植食性平胸鸟类，翼完全退化，无飞行能力。约500年前灭绝，可能与人类的捕猎有关。', 2, 7, 6000, 10000, 2300, 240, 27, 1, 1, 0, 76, 15),
(72, 77, '象鸟', '生活于马达加斯加第四纪的巨型植食性平胸鸟类，翼退化，无飞行能力。约350年前灭绝，可能与人类的捕猎有关。', 2, 7, 12000, 25000, 8000, 1200, 75, 1, 1, 0, 77, 5),
(73, 78, '始祖鸟', '已知最古老、最原始的鸟类，仅发现于德国的晚侏罗世海相地层。目前仅发现10件标本。', 3, 7, 8000, 16000, 4500, 450, 32, 1, 1, 0, 78, 12),
(74, 79, '翼龙', '最早出现的飞行的脊椎动物。其特征是前肢第四指骨加长加粗，支撑由身体侧面延展的皮膜，形成翅膀。', 1, 7, 10000, 20000, 5000, 900, 78, 1, 1, 0, 79, 3),
(75, 81, '金鹅', '金色闪光的天鹅，在空中飞翔时，能够撒下亮片。传说一群天鹅在泉水边饮水，但因为泉水上游冲刷过菩萨金身，而天鹅觉得特别好喝，故连喝了一天一夜。第二天飞上天空时，发现自己已全身金黄。', 3, 9, 1000, 2500, 80, 5, 1, 1, 1, 0, 81, 20),
(76, 82, '精卫', '精卫，古代神话中所记载的一种鸟，相传是炎帝的少女，由于在东海中溺水而死，所以死后化身为鸟，名叫精卫，常常到西山衔木石以填东海。', 1, 9, 200, 400, 6, 2, 12, 1, 1, 0, 82, 16),
(77, 83, '青鸟', '青鸟是凤凰的前身本为多力健飞的猛禽，后渐传为色泽亮丽体态轻盈的小鸟是具有神性的吉祥之物。', 3, 9, 2000, 4000, 260, 30, 12, 1, 1, 0, 83, 10),
(78, 84, '七彩孔雀', '七彩孔雀是吉祥、善良、美丽、华贵的象征。七彩孔雀的下凡，总是伴随着彩虹。所以，人们每次看到彩虹的时候，都想到处找找，看是否能找到七彩孔雀。', 3, 9, 3000, 6000, 500, 60, 16, 1, 1, 0, 84, 6),
(79, 85, '狮鹫', '狮鹫是一种传说中的鸟类。长有狮子的躯体与利爪、鹰的头和翅膀，是相当有名的奇幻生物。因为狮子和鹰分别称雄于陆地和天空，狮鹫被认为是非常厉害的动物。', 2, 9, 10000, 30000, 9000, 900, 42, 1, 1, 0, 85, 3),
(80, 86, '比翼鸟', '古代传说中的鸟。又名鹣鹣、蛮蛮。此鸟仅一目一翼，雌雄须并翼飞行，故常比喻恩爱夫妻，亦比喻情深谊厚、形影不离的朋友。', 1, 9, 200, 2200, 88, 22, 31, 1, 1, 0, 86, 4),
(81, 87, '雷鸟', '体长约40厘米，善走，飞行迅速，亦能在雪地上疾驰，但不能远飞。', 3, 9, 13000, 28000, 7000, 480, 13, 1, 1, 0, 87, 3),
(82, 88, '三足乌', '太阳里有金黄色的三足乌鸦，古代人们就把“金乌”作为太阳的别名，也称为“赤乌”、“三足鸟”。', 3, 9, 2900, 3000, 69, 49, 34, 1, 1, 0, 88, 6),
(83, 90, '鸾鸟', '鸾鸟是古代传说里的鸟。是一只在天上一直飞，不会停的鸟。因为错过了太多，而不知道停止，所以错过了自己的另一半。', 3, 9, 5000, 8000, 499, 200, 57, 1, 1, 0, 90, 5),
(84, 91, '朱雀', '与玄武、白虎、青龙为四方神兽。亦为凤凰的化身', 3, 9, 1000, 2000, 50, 6, 6, 1, 1, 0, 91, 7),
(85, 92, '九头鸟', '又称九凤。九头鸟是身有九首的凤，是战国时代楚国先祖所崇拜的神鸟。九头鸟有九个头，色赤，像鸭子，人面而鸟身。九头鸟在汉代以后逐渐由神格沦落为收人魂气的妖鸟。', 2, 9, 9000, 27000, 4999, 399, 18, 1, 1, 0, 92, 4),
(86, 94, '毕方', '方的名字来自竹子和木头燃烧时发出的噼啪声响。毕方的外形象丹顶鹤，但是只有一条腿，身体为蓝色、有红色的斑点，喙为白色。毕方不吃谷物、吞吃火焰，据说毕方的出现预示着大火。', 2, 9, 25000, 33300, 6800, 666, 25, 1, 1, 0, 94, 3),
(87, 95, '炸弹小鸟', '为了报复偷走鸟蛋的绿皮猪们，鸟儿以自己的身体为武器，仿佛炮弹一样去攻击绿皮猪们的堡垒。体黑，形大而圆，可以突然爆炸，杀伤力很大。', 4, 9, 10, 1000, 180, 18, 46, 1, 1, 0, 95, 1),
(88, 96, '赤鷩', '古代传说中的鸟。可以御火。所以人们总是在多火灾的地方，祈祷它的到来。', 1, 9, 12000, 22000, 1500, 240, 14, 1, 1, 0, 96, 6),
(89, 97, '天使', '代表圣洁，良善，上帝的使者，服役的灵，受差遣服侍信奉上帝的信徒。大多是白色的衣着和白色的翅膀。', 1, 9, 15000, 45000, 7000, 777, 31, 1, 1, 0, 97, 3),
(90, 98, '凤凰', '凤凰是中国古代传说中的百鸟之王，和龙一样为汉族的民族图腾。羽毛一般被描述为赤红色，凤凰和麒麟一样，是雌雄统称，雄为凤，雌为凰，其总称为凤凰。', 3, 9, 30000, 50000, 8000, 888, 28, 1, 1, 0, 98, 1),
(91, 99, '草鸡', '话说草鸡为凤凰在人间的化身，人们可以通过草鸡，与天神交流。', 4, 9, 500, 1500, 80, 4, 1, 1, 1, 0, 99, 19),
(92, 100, '神鹏', '中国古代传说中的神鸟。据说神鹏巨大，起飞时的波及范围相当于数万只凤凰。', 2, 9, 40000, 46000, 9000, 999, 30, 1, 1, 0, 100, 1),
(93, 500, '皮卡丘', '一种非常调皮的宠物小精灵，只有在活动期间才能获得哦。', 4, 3, 100, 1000, 50, 8, 3, 0, 1, 0, 1, 1),
(94, 1000, '流氓兔', '那只一直在月亮上给嫦娥吴刚当电灯泡的可恶兔子！只有在每年中秋节用月饼在能捕捉到', 4, 3, 800, 1500, 80, 15, 6, 0, 1, 0, 1, 1),
(95, 750, '地狱凤凰', '只有最强大的公会才能依靠集体的诚心把这个一直在地狱黑焰中哀鸣的恐怖生物召唤出来', 2, 9, 40000, 100000, 10000, 1000, 29, 0, 0, 0, 1, 1),
(96, 577, '迅雷兽', '潘多拉空中的一种肉食动物，纳威人通常骑着它们去打猎，类似地球远古的翼龙，有四个翼膜翅膀，骨骼由有机的碳纤维构成，嘴没有颌骨，还有着锋利的如大白鲨般的牙齿。', 2, 7, 9000, 15000, 1200, 400, 30, 0, 1, 0, 1, 1),
(97, 588, '魅影兽', '潘多拉的空中霸主，与迅雷兽同种，但体型要大得多，翼展达23米，凶猛异常，魅影骑士是纳威人的传奇', 2, 7, 24000, 30000, 3600, 600, 20, 0, 1, 0, 1, 1),
(98, 533, '迅雷幼兽', '潘多拉空中的一种肉食动物，纳威人通常骑着它们去打猎，类似地球远古的翼龙，有四个翼膜翅膀，骨骼由有机的碳纤维构成，嘴没有颌骨，还有着锋利的如大白鲨般的牙齿。', 2, 3, 1500, 2500, 200, 400, 30, 0, 1, 0, 1, 1),
(99, 544, '魅影幼兽', '潘多拉的空中霸主，与迅雷兽同种，但体型要大得多，翼展达23米，凶猛异常，魅影骑士是纳威人的传奇', 2, 3, 4000, 5000, 600, 600, 20, 0, 1, 0, 1, 1),
(100, 555, '小迅雷兽', '潘多拉空中的一种肉食动物，纳威人通常骑着它们去打猎，类似地球远古的翼龙，有四个翼膜翅膀，骨骼由有机的碳纤维构成，嘴没有颌骨，还有着锋利的如大白鲨般的牙齿。', 2, 5, 4500, 7500, 600, 400, 30, 0, 1, 0, 1, 1),
(101, 566, '小魅影兽', '潘多拉的空中霸主，与迅雷兽同种，但体型要大得多，翼展达23米，凶猛异常，魅影骑士是纳威人的传奇', 2, 5, 12000, 15000, 1800, 600, 20, 0, 1, 0, 1, 1),
(102, 599, '迅雷王兽', '潘多拉空中的一种肉食动物，纳威人通常骑着它们去打猎，类似地球远古的翼龙，有四个翼膜翅膀，骨骼由有机的碳纤维构成，嘴没有颌骨，还有着锋利的如大白鲨般的牙齿。', 2, 9, 15000, 25000, 2000, 400, 30, 0, 1, 0, 1, 1),
(103, 610, '魅影王兽', '潘多拉的空中霸主，与迅雷兽同种，但体型要大得多，翼展达23米，凶猛异常，魅影骑士是纳威人的传奇', 2, 9, 40000, 50000, 6000, 600, 20, 0, 1, 0, 1, 1),
(104, 621, '幽灵鸟', '不知名凶鸟死亡后的魂魄，游荡在万圣塔中的守护者', 4, 5, 2000, 4400, 250, 44, 20, 0, 1, 0, 1, 1),
(105, 631, '圣诞麋鹿', '会飞的神奇麋鹿，只在圣诞节期间为了帮圣诞爷爷运送礼物而出现', 4, 9, 30000, 40000, 8888, 1225, 56, 0, 1, 0, 95, 1),
(106, 641, '史努比', '尊师重教又可爱的史努比，在自己徒弟出师给予完美评价时有较小概率获得', 4, 5, 4000, 8000, 800, 50, 5, 0, 1, 0, 1, 1),
(107, 651, '龙宝宝', '最可爱最幸运最喜欢搜集财宝的宝宝龙，龙年春节才出现的神秘宠物哦 ', 3, 1, 800, 800, 888, 888, 100, 0, 1, 1, 1, 1),
(108, 666, '白羊鸟', '鸟道十二宫第一宫白羊宫的守护鸟-白羊鸟！捕捉后获得“白羊圣斗士”称号。', 3, 9, 32100, 41900, 1800, 600, 22, 0, 1, 1, 1, 1),
(109, 688, '金牛鸟', '鸟道十二宫第二宫金牛宫的守护鸟-金牛鸟！捕捉后获得“金牛圣斗士”称号。', 2, 9, 32200, 49900, 10000, 1200, 24, 0, 1, 1, 1, 1),
(110, 699, '双子鸟', '鸟道十二宫第三宫双子宫的守护鸟-双子鸟！捕捉后获得“双子圣斗士”称号。', 1, 9, 40000, 48000, 9000, 1000, 17, 0, 1, 1, 1, 1),
(111, 719, '巨蟹鸟', '鸟道十二宫第四宫巨蟹宫的守护鸟-巨蟹鸟！捕捉后获得“巨蟹圣斗士”称号。', 3, 9, 30000, 43000, 4000, 800, 25, 0, 1, 1, 1, 6);

-- --------------------------------------------------------

--
-- 表的结构 `base_cage`
--

DROP TABLE IF EXISTS `base_cage`;
CREATE TABLE IF NOT EXISTS `base_cage` (
  `id` int(11) UNSIGNED NOT NULL DEFAULT 0 COMMENT '笼子Id',
  `name` varchar(50) NOT NULL DEFAULT '' COMMENT '名称',
  `desc_text` varchar(500) NOT NULL DEFAULT '' COMMENT '描述',
  `fee_type` tinyint(4) UNSIGNED NOT NULL DEFAULT 0 COMMENT '价格类型,1金币/2元宝/3爱心',
  `fee_price` int(11) UNSIGNED NOT NULL DEFAULT 0 COMMENT '价格数值',
  `func` varchar(100) NOT NULL DEFAULT '' COMMENT '功能描述',
  `num` int(11) UNSIGNED NOT NULL DEFAULT 0 COMMENT '耐久度',
  `status` tinyint(4) UNSIGNED NOT NULL DEFAULT 0 COMMENT '状态',
  `param` int(11) UNSIGNED NOT NULL DEFAULT 0 COMMENT 'param',
  `lu` int(11) UNSIGNED NOT NULL DEFAULT 0 COMMENT 'lu',
  `is_shopping` tinyint(4) UNSIGNED NOT NULL DEFAULT 0 COMMENT '是否在商店出售',
  PRIMARY KEY (`id`) USING BTREE
) ENGINE=InnoDB DEFAULT CHARSET=utf8mb4 COLLATE=utf8mb4_general_ci COMMENT='笼子配置表';

--
-- 转存表中的数据 `base_cage`
--

INSERT INTO `base_cage` (`id`, `name`, `desc_text`, `fee_type`, `fee_price`, `func`, `num`, `status`, `param`, `lu`, `is_shopping`) VALUES
(1, '青竹笼', '新鲜的竹子制作而成的鸟笼', 1, 0, '无', 20, 0, 0, 1, 0),
(2, '生铁鸟笼', '用生铁锻造而成，不过看起来容易生锈', 1, 222, '战斗经验增加2%', 20, 0, 2, 8, 1),
(3, '青铜鸟笼', '铜再加上锡融合后再锻造成的鸟笼，绝不生锈', 1, 1081, '重量计算增加2%', 20, 0, 2, 13, 1),
(4, '精钢鸟笼', '现代科技锻造，光亮照人，很有时代气息', 1, 1779, '战斗经验增加3%', 20, 0, 3, 19, 1),
(5, '鲜花笼', '纯鲜花现扎而成，香气宜人，绝对环保', 1, 300, '胜利后个人经验+3', 20, 1, 3, 7, 1),
(6, '古藤鸟笼', '古色古香的古藤蔓捆制成的鸟笼', 1, 6918, '战斗经验增加4%', 20, 0, 4, 31, 1),
(7, '白银鸟笼', '用白银打造成的鸟笼，还雕刻了花纹，这已经是工艺品了嘛', 1, 30772, '重量计算增加4%', 20, 0, 4, 37, 1),
(8, '水晶笼', '一块头大的水晶直接雕刻成的鸟笼，那是什么效果？华丽！', 2, 50, '战斗经验增加5%', 20, 1, 3, 20, 1),
(9, '黄金笼', '99.9999%纯黄金打造，绝对的雍容华贵，还不俗气', 1, 2000, '胜利后金币+2%,至少100金币', 20, 1, 2, 14, 1),
(10, '钛金鸟笼', '高科技钛金，一次性机器成型，轻便坚固耐热，夫复何求？', 1, 450760, '战斗经验增加6%', 20, 0, 6, 55, 1),
(11, '黑曜石笼', '外星球的原产石料再用外星科技融合而成，厉害的很', 1, 691940, '重量计算增加6%', 20, 0, 6, 61, 1),
(12, '钻石笼', '女人们最爱的名贵钻石同时也是最坚硬的鸟笼材料', 2, 100, '战斗经验增加7%', 20, 1, 5, 25, 1),
(13, '太空仓', '绝对的太空科技，光研发费用就吓死你', 1, 743336, '重量计算增加7%', 20, 0, 7, 73, 1),
(14, '玲珑塔', '鸟巢旁边是什么建筑？玲珑塔！所以我们也用玲珑塔', 1, 798809, '战斗经验增加8%', 20, 0, 8, 79, 1),
(15, '万兽圈', '专用来存放活物的仙器，无法理解的上古空间技术', 1, 861555, '重量计算增加8%', 20, 0, 8, 85, 1),
(16, '囚仙笼', '曾经囚禁仙人的笼子，用来装鸟儿们那是万无一失', 1, 937362, '战斗经验增加10%', 20, 0, 10, 91, 1),
(17, '吞天鼎', '天都能吞，还有什么鸟装不下？不解释', 1, 1034973, '重量计算增加10%', 20, 0, 10, 97, 1),
(18, '糖果笼', '用各种香甜糖果装成的散发着香味的可爱鸟笼', 3, 89, '提升重量5%', 20, 1, 5, 1, 1),
(19, '冰蚕笼', '用冰蚕丝制作的鸟笼，轻便凉爽、柔软舒适', 3, 129, '胜利后小鸟经验+3,金币+5%', 20, 1, 3, 1, 1),
(20, '战神囚笼', '曾经囚禁过远古战神,遗留的气息让鸟儿们战无不胜', 3, 399, '提升重量25%', 20, 1, 25, 1, 1),
(21, '永恒之塔', '远古的神器,传说塔中的空间和时间永恒不变', 3, 269, '提升重量10%,小鸟经验+2', 20, 1, 10, 1, 1);

-- --------------------------------------------------------

--
-- 表的结构 `base_field`
--

DROP TABLE IF EXISTS `base_field`;
CREATE TABLE IF NOT EXISTS `base_field` (
  `id` smallint(6) UNSIGNED NOT NULL DEFAULT 0 COMMENT '场景Id',
  `name` varchar(100) NOT NULL DEFAULT '' COMMENT '名称',
  `desc_text` varchar(500) NOT NULL DEFAULT '' COMMENT '描述',
  PRIMARY KEY (`id`) USING BTREE
) ENGINE=InnoDB DEFAULT CHARSET=utf8mb4 COLLATE=utf8mb4_general_ci COMMENT='区域配置表';

--
-- 转存表中的数据 `base_field`
--

INSERT INTO `base_field` (`id`, `name`, `desc_text`) VALUES
(1, '彩虹树林', '家门口的那块小树林时常能看到美丽的彩虹，各种熟悉的小鸟们每天都在里面唧唧喳喳忙忙碌碌，这里也是我们走上捕捉神鸟打败邪恶猪头征程的第一站。'),
(2, '彩虹树林', '家门口的那块小树林时常能看到美丽的彩虹，各种熟悉的小鸟们每天都在里面唧唧喳喳忙忙碌碌，这里也是我们走上捕捉神鸟打败邪恶猪头征程的第一站。'),
(3, '飞翔岛屿', '当你累计了充分的捕鸟经验时，就可以尝试离开家门去新的地方捕捉鸟类啦。飞翔岛屿正是这样一个地方，各种新奇的水鸟们生活在这个海中的美丽小岛上。'),
(4, '飞翔岛屿', '当你累计了充分的捕鸟经验时，就可以尝试离开家门去新的地方捕捉鸟类啦。飞翔岛屿正是这样一个地方，各种新奇的水鸟们生活在这个海中的美丽小岛上。'),
(5, '惊厥草原', '离开飞翔岛屿后，你在晚上来到了这样一片宽广而又神秘的草原，远处草丛中、灌木树梢上传来的各种动物和鸟的叫声让你意识到这是一个危机四伏充满刺激的地方。'),
(6, '惊厥草原', '离开飞翔岛屿后，你在晚上来到了这样一片宽广而又神秘的草原，远处草丛中、灌木树梢上传来的各种动物和鸟的叫声让你意识到这是一个危机四伏充满刺激的地方。'),
(7, '时光洞穴', '这个巨大的洞穴深处竟然是一个神秘的空间漩涡，鼓足勇气踏进去后，你仿佛来到了远古侏罗纪世界，高到无法看到顶的蕨类植物，从未见过的巨大鸟类在空中发出怪异的叫声……'),
(8, '时光洞穴', '这个巨大的洞穴深处竟然是一个神秘的空间漩涡，鼓足勇气踏进去后，你仿佛来到了远古侏罗纪世界，高到无法看到顶的蕨类植物，从未见过的巨大鸟类在空中发出怪异的叫声……'),
(9, '梦想花园', '踏入这个巨大的花园后有如置身梦境，清新灵气扑面而来，让人心旷神怡。遍地是姹紫嫣红的鲜花盛开，蜂蝶蹁飞，空中不时传来飘渺的仙乐，眺望远处，竟然有美丽的凤凰与圣洁的天使在梧桐树间飞舞。');

-- --------------------------------------------------------

--
-- 表的结构 `base_gene`
--

DROP TABLE IF EXISTS `base_gene`;
CREATE TABLE IF NOT EXISTS `base_gene` (
  `id` int(11) UNSIGNED NOT NULL DEFAULT 0 COMMENT '基因类型',
  `name` varchar(50) DEFAULT '' COMMENT '名称',
  `desc_text` varchar(500) DEFAULT '' COMMENT '描述',
  PRIMARY KEY (`id`)
) ENGINE=InnoDB DEFAULT CHARSET=utf8mb4 COLLATE=utf8mb4_general_ci COMMENT='基因配置表';

--
-- 转存表中的数据 `base_gene`
--

INSERT INTO `base_gene` (`id`, `name`, `desc_text`) VALUES
(1, '狂暴', '天生的战士，战斗时有50%的概率狂暴，重量提升10%'),
(2, '神圣', '领导者的光环，每次参加战斗时提升己方所有小鸟3%的重量'),
(3, '坚强', '强大的心灵反抗一切压制，免疫所有克制技能'),
(4, '聪慧', '最聪明的大脑带来最强学习能力，战斗后获得经验额外提升1倍'),
(5, '贪婪', '对金钱充满了无穷的欲望，战斗胜利额外获得5%的金钱'),
(6, '爱恋', '战斗时召唤伴侣助阵，体重提升100%');

-- --------------------------------------------------------

--
-- 表的结构 `base_level`
--

DROP TABLE IF EXISTS `base_level`;
CREATE TABLE IF NOT EXISTS `base_level` (
  `level` smallint(6) UNSIGNED NOT NULL DEFAULT 0 COMMENT '等级',
  `cost_exp` int(11) UNSIGNED NOT NULL DEFAULT 0 COMMENT '升到本级需要经验',
  `total_exp` bigint(20) UNSIGNED NOT NULL DEFAULT 0 COMMENT '升到本级累计需要经验',
  PRIMARY KEY (`level`)
) ENGINE=InnoDB DEFAULT CHARSET=utf8mb4 COLLATE=utf8mb4_general_ci COMMENT='角色等级配置表';

--
-- 转存表中的数据 `base_level`
--

INSERT INTO `base_level` (`level`, `cost_exp`, `total_exp`) VALUES
(1, 0, 0),
(2, 4, 4),
(3, 12, 16),
(4, 34, 50),
(5, 70, 120),
(6, 170, 290),
(7, 340, 630),
(8, 590, 1220),
(9, 930, 2150),
(10, 1370, 3520),
(11, 1910, 5430),
(12, 2550, 7980),
(13, 3290, 11270),
(14, 4130, 15400),
(15, 5070, 20470),
(16, 6110, 26580),
(17, 7250, 33830),
(18, 8490, 42320),
(19, 9830, 52150),
(20, 11280, 63430),
(21, 12840, 76270),
(22, 14510, 90780),
(23, 16290, 107070),
(24, 18180, 125250),
(25, 20180, 145430),
(26, 22290, 167720),
(27, 24510, 192230),
(28, 26840, 219070),
(29, 29280, 248350),
(30, 31920, 280270),
(31, 34770, 315040),
(32, 37840, 352880),
(33, 41140, 394020),
(34, 44680, 438700),
(35, 48470, 487170),
(36, 52520, 539690),
(37, 56840, 596530),
(38, 61440, 657970),
(39, 66330, 724300),
(40, 71530, 795830),
(41, 77060, 872890),
(42, 82940, 955830),
(43, 89190, 1045020),
(44, 95830, 1140850),
(45, 102880, 1243730),
(46, 110360, 1354090),
(47, 118290, 1472380),
(48, 126690, 1599070),
(49, 135580, 1734650),
(50, 145070, 1879720),
(51, 155190, 2034910),
(52, 165970, 2200880),
(53, 177440, 2378320),
(54, 189630, 2567950),
(55, 202570, 2770520),
(56, 216290, 2986810),
(57, 230820, 3217630),
(58, 246190, 3463820),
(59, 262430, 3726250),
(60, 279580, 4005830),
(61, 297680, 4303510),
(62, 316770, 4620280),
(63, 336890, 4957170),
(64, 358080, 5315250),
(65, 380380, 5695630),
(66, 403830, 6099460),
(67, 428470, 6527930),
(68, 454340, 6982270),
(69, 481480, 7463750),
(70, 509940, 7973690),
(71, 539770, 8513460),
(72, 571020, 9084480),
(73, 603740, 9688220),
(74, 637980, 10326200),
(75, 673790, 10999990),
(76, 711220, 11711210),
(77, 750320, 12461530),
(78, 791140, 13252670),
(79, 833730, 14086400),
(80, 878170, 14964570),
(81, 924540, 15889110),
(82, 972920, 16862030),
(83, 1023390, 17885420),
(84, 1076030, 18961450),
(85, 1130920, 20092370),
(86, 1188140, 21280510),
(87, 1247770, 22528280),
(88, 1309890, 23838170),
(89, 1374580, 25212750),
(90, 1441920, 26654670),
(91, 1511990, 28166660),
(92, 1584870, 29751530),
(93, 1660640, 31412170),
(94, 1739380, 33151550),
(95, 1821170, 34972720),
(96, 1906090, 36878810),
(97, 1994220, 38873030),
(98, 2085640, 40958670),
(99, 2180430, 43139100),
(100, 2280220, 45419320),
(101, 2385110, 47804430),
(102, 2495200, 50299630),
(103, 2610590, 52910220),
(104, 2731380, 55641600),
(105, 2857670, 58499270),
(106, 2989560, 61488830),
(107, 3127150, 64615980),
(108, 3270540, 67886520),
(109, 3419830, 71306350),
(110, 3575220, 74881570),
(111, 3736910, 78618480),
(112, 3905100, 82523580),
(113, 4079990, 86603570),
(114, 4261780, 90865350),
(115, 4450670, 95316020),
(116, 4646860, 99962880),
(117, 4850550, 104813430),
(118, 5061940, 109875370),
(119, 5281230, 115156600),
(120, 5509720, 120666320),
(121, 5748710, 126415030),
(122, 5999500, 132414530),
(123, 6263390, 138677920),
(124, 6541680, 145219600),
(125, 6835670, 152055270),
(126, 7146660, 159201930),
(127, 7475950, 166677880),
(128, 7824840, 174502720),
(129, 8194630, 182697350),
(130, 8585720, 191283070),
(131, 8998510, 200281580),
(132, 9433400, 209714980),
(133, 9890790, 219605770),
(134, 10371080, 229976850),
(135, 10874670, 240851520),
(136, 11401960, 252253480),
(137, 11953350, 264206830),
(138, 12529240, 276736070),
(139, 13130030, 289866100),
(140, 13757220, 303623320),
(141, 14412310, 318035630),
(142, 15096800, 333132430),
(143, 15812190, 348944620),
(144, 16559980, 365504600),
(145, 17341670, 382846270),
(146, 18158760, 401005030),
(147, 19012750, 420017780),
(148, 19905140, 439922920),
(149, 20837430, 460760350),
(150, 21811220, 482571570),
(151, 22828110, 505399680),
(152, 23889700, 529289380),
(153, 24997590, 554286970),
(154, 26153380, 580440350),
(155, 27358670, 607799020),
(156, 28615060, 636414080),
(157, 29924150, 666338230),
(158, 31287540, 697625770),
(159, 32706830, 730332600),
(160, 34183620, 764516220),
(161, 35719510, 800235730),
(162, 37316100, 837551830),
(163, 38974990, 876526820),
(164, 40697780, 917224600),
(165, 42486070, 959710670),
(166, 44341460, 1004052130),
(167, 46265550, 1050317680),
(168, 48259940, 1098577620),
(169, 50326230, 1148903850),
(170, 52472120, 1201375970),
(171, 54705310, 1256081280),
(172, 57033500, 1313114780),
(173, 59464390, 1372579170),
(174, 62005680, 1434584850),
(175, 64665070, 1499249920),
(176, 67450260, 1566700180),
(177, 70368950, 1637069130),
(178, 73428840, 1710497970),
(179, 76637630, 1787135600),
(180, 79997120, 1867132720),
(181, 83509110, 1950641830),
(182, 87175400, 2037817230),
(183, 90997790, 2128815020),
(184, 94978080, 2223793100),
(185, 99118070, 2322911170),
(186, 103419560, 2426330730),
(187, 107884350, 2534215080),
(188, 112514240, 2646729320),
(189, 117311030, 2764040350),
(190, 122276620, 2886316970),
(191, 127412910, 3013729880),
(192, 132721800, 3146451680),
(193, 138205190, 3284656870),
(194, 143864980, 3428521850),
(195, 149703070, 3578224920),
(196, 155721360, 3733946280),
(197, 161921750, 3895868030),
(198, 168306140, 4064174170),
(199, 174876430, 4239050600),
(200, 181646720, 4420697320);

-- --------------------------------------------------------

--
-- 表的结构 `base_nest`
--

DROP TABLE IF EXISTS `base_nest`;
CREATE TABLE IF NOT EXISTS `base_nest` (
  `id` int(11) UNSIGNED NOT NULL DEFAULT 0 COMMENT '鸟巢Id',
  `name` varchar(100) NOT NULL DEFAULT '' COMMENT '名称',
  `desc_text` varchar(500) NOT NULL DEFAULT '' COMMENT '描述',
  `fee_type` tinyint(4) UNSIGNED NOT NULL DEFAULT 0 COMMENT '价格类型,1金币/2元宝/3爱心',
  `fee_price` int(11) UNSIGNED NOT NULL DEFAULT 0 COMMENT '价格数值',
  `effect_type` smallint(6) UNSIGNED NOT NULL DEFAULT 0 COMMENT '效果类型',
  `effect_value` int(11) NOT NULL DEFAULT 0 COMMENT '效果值',
  `num` int(11) UNSIGNED NOT NULL DEFAULT 0 COMMENT '数量',
  `status` tinyint(4) NOT NULL DEFAULT 0 COMMENT '状态',
  `func` varchar(200) NOT NULL DEFAULT '' COMMENT '效果描述',
  `lu` int(11) UNSIGNED NOT NULL DEFAULT 0 COMMENT 'lu',
  `is_shopping` tinyint(4) UNSIGNED NOT NULL DEFAULT 0 COMMENT '是否在商店出售',
  PRIMARY KEY (`id`) USING BTREE
) ENGINE=InnoDB DEFAULT CHARSET=utf8mb4 COLLATE=utf8mb4_general_ci COMMENT='鸟巢配置表';

--
-- 转存表中的数据 `base_nest`
--

INSERT INTO `base_nest` (`id`, `name`, `desc_text`, `fee_type`, `fee_price`, `effect_type`, `effect_value`, `num`, `status`, `func`, `lu`, `is_shopping`) VALUES
(1, '干草窝', '从树上掏下来的麻雀窝，有种很温暖的感觉', 1, 1, 0, 0, 20, 0, '无特殊效果', 1, 0),
(2, '纸盒', '用家里的鞋盒自制的鸟窝，还是名牌Mike的呢', 1, 300, 1, 5, 20, 1, '增加5%经验,至少1点', 5, 1),
(3, '小狗窝', '大黄小时候用的狗窝，用来给小鸟们住还挺合适的', 2, 100, 2, 5, 20, 1, '提升重量波动上限5%', 23, 1),
(4, '芭比小屋', '给芭比小姐介绍一些新邻居，她一定也喜欢小鸟们的', 1, 2000, 3, 5, 20, 1, '配对时间减少5%', 12, 1),
(5, '芦苇巢', '用干的芦苇搭建的鸟巢，喜欢在水边生活的鸟儿们可喜欢了', 1, 4662, 1, 5, 20, 0, '收获经验增加5%', 27, 1),
(6, '漂流屋', '跟随河水自由自在的飘向四方，很浪漫吧', 2, 50, 2, 10, 20, 1, '增加10%经验,至少1点', 18, 1),
(7, '海景套房', '超越5星级的享受哦，小鸟们每天起来打开窗户就能看到碧蓝的大海', 1, 71864, 3, 5, 20, 0, '配对时间减少5%', 39, 1),
(8, '金沙洞', '在黄金般的沙丘中掏出的洞穴，住在里面别有一番滋味', 1, 152071, 1, 8, 20, 0, '收获经验增加8%', 45, 1),
(9, '精灵花房', '草原上美丽的精灵们居住的美轮美奂的花房', 1, 296364, 2, 15, 20, 0, '重量上限上升15%', 51, 1),
(10, '浮空屋', '一直悬浮在空中的小屋，对于鸟儿们来讲太方便啦', 1, 539784, 3, 8, 20, 0, '配对时间减少8%', 57, 1),
(11, '桫椤树巢', '传说佛陀就是在这两颗神秘的桫椤双树下证道的', 3, 499, 2, 25, 20, 1, '提升重量波动上限50%', 1, 1),
(12, '洪荒石窟', '不知道什么动物居住过的史前洞窟，进去后仿佛还能听到来自远古的咆哮', 1, 716732, 2, 20, 20, 0, '重量上限上升20%', 69, 1),
(13, '龙之穴', '曾经的飞龙巢穴，以前一定堆积过很多亮晶晶的宝贝吧', 3, 199, 7, 15, 20, 1, '提升重量波动上下限各15%', 1, 1),
(14, '菩提树洞', '释迦牟尼菩提树下证道，鸟儿们居住在这里似乎也聪明了不少', 1, 814202, 1, 12, 20, 0, '收获经验增加12%', 81, 1),
(15, '水晶宫', '传说中在东海水下，龙王们的住处', 1, 887737, 2, 25, 20, 0, '重量上限上升25%', 87, 1),
(16, '昆仑府', '上古时期仙人们在昆仑修炼居住的地方，现在还沾染了不少仙气', 1, 966050, 3, -15, 20, 0, '配对时间减少15%', 93, 1),
(17, '伊甸园', '人类之祖亚当夏娃的住处，虽然没有了禁果，但还是那么的自由浪漫', 1, 1072655, 2, 30, 20, 0, '重量上限上升30%', 99, 1),
(18, '鹊巢', '牛郎织女每年七夕时相会的爱巢', 3, 89, 4, 8, 20, 1, '增加8%经验,减少8%时间', 1, 1),
(19, '丘比特小屋', '爱神丘比特的家，鸟儿们在其中孵化的小鸟们一定会更棒的', 3, 699, 5, 15, 20, 0, '孵化下一代小鸟的计算公式提升父母重量因子的15%', 1, 1),
(20, '神圣梧桐', '凤凰在梧桐树上的巢穴,还残留着一股神圣的气息', 3, 299, 6, 20, 20, 1, '提升重量上限20%,10%概率双胞胎', 1, 1);

-- --------------------------------------------------------

--
-- 表的结构 `base_prop`
--

DROP TABLE IF EXISTS `base_prop`;
CREATE TABLE IF NOT EXISTS `base_prop` (
  `id` int(11) UNSIGNED NOT NULL DEFAULT 0 COMMENT '道具Id',
  `name` varchar(100) NOT NULL DEFAULT '' COMMENT '名称',
  `desc_text` varchar(500) NOT NULL DEFAULT '' COMMENT '描述',
  `award_list` varchar(500) NOT NULL DEFAULT '' COMMENT '礼包奖励列表',
  `effect_type` smallint(6) UNSIGNED NOT NULL DEFAULT 0 COMMENT '效果类型',
  `effect_value` int(11) NOT NULL DEFAULT 0 COMMENT '效果值',
  `fee_type` tinyint(4) UNSIGNED NOT NULL DEFAULT 0 COMMENT '价格类型,1金币/2元宝/3爱心',
  `fee_price` int(11) UNSIGNED NOT NULL DEFAULT 0 COMMENT '价格数值',
  `num` int(11) UNSIGNED NOT NULL DEFAULT 0 COMMENT '数量',
  `func` varchar(200) NOT NULL COMMENT '功能描述',
  `status` tinyint(4) NOT NULL DEFAULT 0 COMMENT '状态',
  `ut` int(11) UNSIGNED NOT NULL DEFAULT 0 COMMENT 'ut',
  `lu` int(11) UNSIGNED NOT NULL DEFAULT 0 COMMENT 'lu',
  `ep` int(11) UNSIGNED NOT NULL DEFAULT 0 COMMENT 'ep',
  `ad` varchar(100) NOT NULL DEFAULT '0' COMMENT 'ad',
  `sort` int(11) NOT NULL DEFAULT 0 COMMENT 'sort',
  `is_shopping` tinyint(4) UNSIGNED NOT NULL DEFAULT 0 COMMENT '是否在商店出售',
  PRIMARY KEY (`id`) USING BTREE
) ENGINE=InnoDB DEFAULT CHARSET=utf8mb4 COLLATE=utf8mb4_general_ci COMMENT='道具配置表';

--
-- 转存表中的数据 `base_prop`
--

INSERT INTO `base_prop` (`id`, `name`, `desc_text`, `award_list`, `effect_type`, `effect_value`, `fee_type`, `fee_price`, `num`, `func`, `status`, `ut`, `lu`, `ep`, `ad`, `sort`, `is_shopping`) VALUES
(1, '粘乎乎的鼻涕', '从隔壁家小胖手中抢来的一团黄黄的粘粘的东西', '', 1, 2, 2, 5, 1, '逃脱时间延长2小时', 0, 1, 1, 48, '', 10, 1),
(2, '泡发了的米饭', '从厨房饭锅里找到的昨天晚上吃剩下的泡了水的米饭', '', 1, 4, 3, 19, 1, '逃脱时间延长4小时 ', 0, 1, 1, 48, '', 20, 1),
(3, '浆糊', '从小卖部王大爷那低价买的过期浆糊，粘性还可以', '', 1, 24, 3, 29, 1, '逃脱时间延长24小时', 0, 1, 1, 72, '', 30, 1),
(4, '503胶水', '托叔叔从大商场买来的专业胶水，效果好极了', '', 1, 48, 3, 49, 1, '小鸟逃脱延长72小时', 0, 1, 1, 72, '', 40, 1),
(10, '爱心树', '传说结出爱心果的树不断的散发着爱的气息', '', 2, 2, 3, 99, 1, '获得双倍爱心', 1, 2, 1, 24, '', 100, 1),
(11, '普通配对卡', '家附近的斗鸟培训基地提供普通基因的种鸟帮助配对', '', 3, 60, 2, 100, 1, '用户对培训场内斗鸟使用后，该鸟直接进入配对场开始孵化；孵化诞生的鸟类，一方计算来源于用户自身提供的鸟，另外一方的基因按照该鸟类最大重量×60%计算', 0, 3, 1, 0, '', 110, 1),
(12, '优质基因', '小鸟研究基地提供用作试管孵化的优质基因', '', 3, 80, 2, 100, 1, '与同类100%最大重量配对', 0, 3, 1, 0, '', 120, 1),
(13, '完美基因', '小鸟研究基地提供用作试管孵化的完美基因', '', 3, 110, 3, 99, 1, '与同类130%最大重量配对', 0, 3, 1, 0, '', 130, 1),
(14, '多胎丸', '基因生物科技,能迅速提高小鸟的产量', '', 4, 2, 3, 99, 1, '配对时额外收获一只小鸟', 1, 4, 1, 0, '', 140, 1),
(15, 'AI型智能辅助', '高科技产物，自动驱赶重量较低的小鸟，帮助捕捉到更重小鸟', '', 5, 110, 3, 59, 1, '让捕捉小鸟的波动范围变成该小鸟最大值的110%', 0, 1, 1, 24, '', 150, 1),
(16, '智能仪', '智能辅助仪,赶跑不合格的小鸟', '', 5, 130, 3, 99, 1, '提升重量波动上限30%', 1, 1, 1, 48, '', 160, 1),
(17, '机械鹦鹉', '机械鹦鹉能把你的话传到全世界', '', 11, 0, 3, 10, 12, '世界喊话道具', 0, 0, 1, 0, '', 1, 1),
(18, '营养剂', '战斗小鸟们专用的补充体力饮料，喝一次就满状态', '', 7, 0, 3, 39, 1, '完全恢复小鸟战斗前的最大重量', 0, 3, 1, 0, '', 170, 1),
(19, '基因针', '强大的基因改良药剂，提升小鸟们的先天素质', '', 7, 5, 3, 89, 1, '每次使用提升当前小鸟5%的重量', 0, 3, 1, 0, '', 180, 1),
(20, '香水', '不断散发着小鸟们难以抗拒的清新香味', '', 8, 20, 3, 59, 1, '小鸟捕捉加速20分钟', 0, 5, 1, 0, '', 190, 1),
(21, '紫藤花', '美丽的紫藤花是小鸟们的最爱', '', 9, 50, 3, 119, 1, '小鸟捕捉加速50%', 1, 5, 1, 0, '', 200, 1),
(22, '糖果导弹', '能自动追踪的糖果是抓小鸟的最强武器', '', 8, 400, 3, 119, 1, '小鸟捕捉加速400分钟', 0, 5, 1, 0, '', 210, 1),
(23, '算盘', '大致计算小鸟的数量，轻便好用', '', 10, 20, 3, 199, 1, '全体陷阱加速20%', 1, 2, 1, 24, '', 220, 1),
(24, '计算器', '全自动计算小鸟的数量，比算盘快得多', '', 10, 30, 3, 299, 1, '全体陷阱加速30%', 1, 2, 1, 24, '', 980, 1),
(25, '水晶蛋', '[{\"t\":4,\"s\":191,\"c\":1,\"n\":50,\"i\":45},{\"t\":4,\"s\":191,\"c\":1,\"n\":1000,\"i\":35},{\"t\":4,\"s\":191,\"c\":1,\"n\":1000,\"i\":34},{\"t\":4,\"s\":191,\"c\":1,\"n\":50,\"i\":30},{\"t\":14,\"s\":191,\"c\":1,\"n\":300,\"i\":8},{\"t\":2,\"s\":191,\"c\":1,\"n\":100,\"i\":18},{\"t\":4,\"s\":191,\"c\":1,\"n\":500,\"i\":41},{\"t\":4,\"s\":191,\"c\":1,\"n\":200,\"i\":48},{\"t\":4,\"s\":191,\"c\":5,\"n\":1000,\"i\":114},{\"t\":4,\"s\":191,\"c\":1,\"n\":100,\"i\":13},{\"t\":4,\"s\":191,\"c\":1,\"n\":1000,\"i\":14}]', '[{\"t\":4,\"s\":191,\"c\":1,\"n\":50,\"i\":45},{\"t\":4,\"s\":191,\"c\":1,\"n\":1000,\"i\":35},{\"t\":4,\"s\":191,\"c\":1,\"n\":1000,\"i\":34},{\"t\":4,\"s\":191,\"c\":1,\"n\":50,\"i\":30},{\"t\":14,\"s\":191,\"c\":1,\"n\":300,\"i\":8},{\"t\":2,\"s\":191,\"c\":1,\"n\":100,\"i\":18},{\"t\":4,\"s\":191,\"c\":1,\"n\":500,\"i\":41},{\"t\":4,\"s\":191,\"c\":1,\"n\":200,\"i\":48},{\"t\":4,\"s\":191,\"c\":5,\"n\":1000,\"i\":114},{\"t\":4,\"s\":191,\"c\":1,\"n\":100,\"i\":13},{\"t\":4,\"s\":191,\"c\":1,\"n\":1000,\"i\":14}]', 0, 0, 3, 149, 1, '砸开可获随机强力道具', 0, 0, 1, 0, '(半价优惠)', -3000, 1),
(26, '数码相机', '高科技的数码相机，拍下了好友帮忙抓鸟的照片，留下了友谊的印记', '', 12, 50, 3, 169, 1, '好友帮忙收获小鸟时，主人获得收获该小鸟的50%的经验', 0, 10, 1, 12, '', 300, 1),
(27, '照相机', '拍下每一次朋友帮收鸟的过程', '', 12, 100, 3, 169, 1, '被收鸟获取100%经验', 0, 10, 1, 24, '', 320, 1),
(28, '摄像机', '高清摄像,录下朋友帮收鸟的全过程', '', 12, 120, 3, 299, 1, '被收鸟获取120%经验', 1, 10, 1, 48, '', 330, 1),
(29, '金条', '纯金条，在小鸟世界也可兑换到不少钱', '', 13, 20000, 3, 99, 1, '可兑换20000金币', 1, 11, 1, 0, '', 2, 1),
(30, '金块', '大金块，在小鸟世界可兑换到很多钱', '', 13, 120000, 3, 499, 1, '可兑换120000金币', 1, 11, 1, 0, '', 3, 1),
(31, '金砖', '沉重的金砖在小鸟世界可兑换到巨款', '', 13, 250000, 3, 999, 1, '可兑换250000金币', 1, 11, 1, 0, '', 4, 1),
(32, '战斗恢复卡', '让你重新获得战斗的活力', '', 14, 0, 3, 99, 1, '迅速恢复满战斗次数', 1, 14, 1, 0, '', 5, 1),
(33, '训练加速卡', '扭转时间,让小鸟瞬间完成训练', '', 15, 0, 3, 99, 1, '马上完成4小时训练', 0, 15, 1, 0, '', -9, 1),
(34, '天赋药剂', '基因生物科技,使小鸟克制性发生变化', '', 16, 0, 3, 499, 1, '重置小鸟克制性', 1, 16, 1, 0, '', -1000, 1),
(35, '成长药剂', '基因生物科技,使小鸟成长性发生变化', '', 17, 0, 3, 499, 1, '重置小鸟成长性', 1, 17, 1, 0, '', -999, 1),
(36, '不稳定药剂', '基因生物科技,50%概率刺激小鸟获得变异属性', '', 18, 0, 3, 1999, 1, '小鸟50%概率获得变异', 0, 18, 1, 0, '', 0, 1),
(37, '催产剂', '基因生物科技,能迅速提高小鸟的产量', '', 19, 200, 3, 99, 1, '小鸟孵化加速200分钟', 0, 19, 1, 0, '', 1, 1),
(38, '双倍经验卡', '迅速提高小鸟获得的经验双倍', '', 22, 2, 3, 199, 1, '小鸟训练获得双倍经验', 0, 22, 1, 24, '', 1, 1),
(39, '免战卡', '用爱心感染大家换来暂时的和平', '', 23, 0, 2, 50, 1, '12小时内不被他人挑战', 1, 23, 1, 12, '', 1, 1),
(40, '电脑', '最新的发烧级计算机，比计算器更强', '', 10, 50, 3, 289, 1, '全体陷阱加速50%', 1, 2, 1, 48, '(限时出售)', -1980, 1),
(41, '高清摄像机', '超高清摄像,录下朋友帮收鸟的全过程', '', 12, 150, 3, 319, 1, '被收鸟获取150%经验', 1, 10, 1, 48, '(限时出售)', -1001, 1),
(42, '天使心', '传说中天使将她的爱心洒满人间，这一刻，它来到了你的身边。可以获得3倍的爱心', '', 2, 3, 3, 299, 1, '获得3倍爱心', 1, 2, 1, 48, '(限时出售)', -1001, 1),
(43, '公会令', '建立公会的必备物品', '', 0, 0, 3, 1999, 1, '建立公会的必备物品', 1, 0, 20, 0, '(2折优惠)', 1, 1),
(44, '双倍训练经验卡', '使用后获得双倍训练经验，效果持续一次训练，训练未获得经验不失效', '', 25, 2, 3, 199, 1, '获得双倍训练经验', 0, 25, 1, 0, '(限时)', 1, 1),
(45, '稳定药剂', '基因生物科技,100%概率刺激小鸟获得变异属性', '', 18, 0, 3, 2199, 1, '小鸟100%概率获得变异', 1, 18, 1, 0, '', -2000, 1),
(46, '离婚许可', '拥有它你就获得了离婚的资格', '', 28, 0, 3, 3333, 1, '获得离婚的资格', 1, 28, 1, 0, '', 1, 1),
(47, '加速训练卡', '穿越时空,让小鸟瞬间完成训练,使用后训练场的使用时间会减少4小时', '', 15, 4, 3, 199, 1, '马上完成4小时训练', 0, 15, 1, 0, '', -9, 1),
(48, '时光沙漏', '神奇的魔法沙漏加速时间的流逝', '', 30, 4, 3, 199, 1, '减少收获、配对、训练时间4小时。', 1, 30, 1, 0, '', 1, 1),
(100, '机械鹦鹉包(9折)', '17=12', '', 11, 0, 3, 99, 0, '机械鹦鹉x12', 1, 0, 1, 0, '', 1, 1),
(101, '3级新手礼包', '[{\"id\":17,\"num\":3,\"type\":3},{\"id\":4,\"num\":1,\"type\":1},{\"id\":56,\"num\":1,\"type\":2},{\"id\":20,\"num\":1,\"type\":3},{\"id\":25,\"num\":1,\"type\":3},{\"id\":102,\"num\":1,\"type\":3}]', '[{\"id\":17,\"num\":3,\"type\":3},{\"id\":4,\"num\":1,\"type\":1},{\"id\":56,\"num\":1,\"type\":2},{\"id\":20,\"num\":1,\"type\":3},{\"id\":25,\"num\":1,\"type\":3},{\"id\":102,\"num\":1,\"type\":3}]', 0, 0, 0, 0, 0, '3级新手礼包，打开后可获得：<br/>机械鹦鹉×3<br/>弹弓陷阱×1<br/>活动限量饵“番茄酱”×1<br/>香水×1<br/>水晶蛋×1<br/>“5级新手礼包”×1', 0, 0, 3, 0, '', 1, 0),
(102, '5级新手礼包', '[{\"id\":17,\"num\":3,\"type\":3},{\"id\":2,\"num\":1,\"type\":6},{\"id\":56,\"num\":1,\"type\":2},{\"id\":23,\"num\":1,\"type\":3},{\"id\":25,\"num\":1,\"type\":3},{\"id\":103,\"num\":1,\"type\":3}]', '[{\"id\":17,\"num\":3,\"type\":3},{\"id\":2,\"num\":1,\"type\":6},{\"id\":56,\"num\":1,\"type\":2},{\"id\":23,\"num\":1,\"type\":3},{\"id\":25,\"num\":1,\"type\":3},{\"id\":103,\"num\":1,\"type\":3}]', 0, 0, 0, 0, 0, '5级新手礼包，打开后可获得：<br/>机械鹦鹉×3<br/>巢穴纸盒×1<br/>活动限量饵“番茄酱”×1<br/>Ipod×1<br/>水晶蛋×1<br/>“10级新手礼包”×1', 0, 0, 5, 0, '', 0, 0),
(103, '10级新手礼包', '[{\"id\":17,\"num\":3,\"type\":3},{\"id\":5,\"num\":1,\"type\":4},{\"id\":56,\"num\":1,\"type\":2},{\"id\":27,\"num\":1,\"type\":3},{\"id\":25,\"num\":1,\"type\":3},{\"id\":104,\"num\":1,\"type\":3}]', '[{\"id\":17,\"num\":3,\"type\":3},{\"id\":5,\"num\":1,\"type\":4},{\"id\":56,\"num\":1,\"type\":2},{\"id\":27,\"num\":1,\"type\":3},{\"id\":25,\"num\":1,\"type\":3},{\"id\":104,\"num\":1,\"type\":3}]', 0, 0, 0, 0, 0, '10级新手礼包，打开后可获得：<br/>机械鹦鹉×3<br/>原始训练场×1<br/>活动限量饵“番茄酱”×1<br/>照相机×1<br/>水晶蛋×1<br/>“15级新手礼包”×1', 0, 0, 10, 0, '', 0, 0),
(104, '15级新手礼包', '[{\"id\":17,\"num\":3,\"type\":3},{\"id\":18,\"num\":1,\"type\":5},{\"id\":56,\"num\":1,\"type\":2},{\"id\":38,\"num\":1,\"type\":3},{\"id\":25,\"num\":1,\"type\":3},{\"id\":105,\"num\":1,\"type\":3}]', '[{\"id\":17,\"num\":3,\"type\":3},{\"id\":18,\"num\":1,\"type\":5},{\"id\":56,\"num\":1,\"type\":2},{\"id\":38,\"num\":1,\"type\":3},{\"id\":25,\"num\":1,\"type\":3},{\"id\":105,\"num\":1,\"type\":3}]', 0, 0, 0, 0, 0, '15级新手礼包，打开后可获得：<br/>机械鹦鹉×3<br/>糖果笼×1<br/>活动限量饵“番茄酱”×1<br/>双倍经验卡×1<br/>水晶蛋×1<br/>“20级新手礼包”×1', 0, 0, 15, 0, '', 0, 0),
(105, '20级新手礼包', '[{\"id\":17,\"num\":3,\"type\":3},{\"id\":18,\"num\":1,\"type\":1},{\"id\":56,\"num\":1,\"type\":2},{\"id\":38,\"num\":1,\"type\":3},{\"id\":25,\"num\":1,\"type\":3},{\"id\":0,\"num\":1,\"data\":\"{\\\"f\\\":4,\\\"w\\\":1000,\\\"g\\\":0,\\\"u\\\":0,\\\"e\\\":0,\\\"s\\\":1,\\\"b\\\":93,\\\"l\\\":300,\\\"m\\\":\\\"\\\",\\\"j\\\":0,\\\"k\\\":0,\\\"z\\\":500}\",\"type\":7}]', '[{\"id\":17,\"num\":3,\"type\":3},{\"id\":18,\"num\":1,\"type\":1},{\"id\":56,\"num\":1,\"type\":2},{\"id\":38,\"num\":1,\"type\":3},{\"id\":25,\"num\":1,\"type\":3},{\"id\":0,\"num\":1,\"data\":\"{\\\"f\\\":4,\\\"w\\\":1000,\\\"g\\\":0,\\\"u\\\":0,\\\"e\\\":0,\\\"s\\\":1,\\\"b\\\":93,\\\"l\\\":300,\\\"m\\\":\\\"\\\",\\\"j\\\":0,\\\"k\\\":0,\\\"z\\\":500}\",\"type\":7}]', 0, 0, 0, 0, 0, '20级新手礼包，打开后可获得：<br/>机械鹦鹉×3<br/>黑洞陷阱×1<br/>活动限量饵“番茄酱”×1<br/>双倍经验卡×1<br/>水晶蛋×1<br/>完美皮卡丘×1', 0, 0, 20, 0, '', 0, 0),
(106, '3级新手礼包', '[{\"id\":17,\"num\":1,\"type\":3},{\"id\":4,\"num\":1,\"type\":1},{\"id\":20,\"num\":1,\"type\":3},{\"id\":48,\"num\":1,\"type\":3},{\"id\":107,\"num\":1,\"type\":3}]', '[{\"id\":17,\"num\":1,\"type\":3},{\"id\":4,\"num\":1,\"type\":1},{\"id\":20,\"num\":1,\"type\":3},{\"id\":48,\"num\":1,\"type\":3},{\"id\":107,\"num\":1,\"type\":3}]', 0, 0, 0, 0, 0, '3级新手礼包，打开后可获得：<br/>机械鹦鹉×1<br/>弹弓陷阱×1<br/>香水×1<br/>时光沙漏×1<br/>“5级新手礼包”×1', 0, 0, 3, 0, '', 1, 0),
(107, '5级新手礼包', '[{\"id\":17,\"num\":1,\"type\":3},{\"id\":2,\"num\":1,\"type\":6},{\"id\":23,\"num\":1,\"type\":3},{\"id\":16,\"num\":1,\"type\":3},{\"id\":108,\"num\":1,\"type\":3}]', '[{\"id\":17,\"num\":1,\"type\":3},{\"id\":2,\"num\":1,\"type\":6},{\"id\":23,\"num\":1,\"type\":3},{\"id\":16,\"num\":1,\"type\":3},{\"id\":108,\"num\":1,\"type\":3}]', 0, 0, 0, 0, 0, '5级新手礼包，打开后可获得：<br/>机械鹦鹉×1<br/>巢穴纸盒×1<br/>Ipod×1<br/>智能仪×1<br/>“10级新手礼包”×1', 0, 0, 5, 0, '', 0, 0),
(108, '10级新手礼包', '[{\"id\":17,\"num\":1,\"type\":3},{\"id\":5,\"num\":1,\"type\":4},{\"id\":27,\"num\":1,\"type\":3},{\"id\":14,\"num\":1,\"type\":3},{\"id\":109,\"num\":1,\"type\":3}]', '[{\"id\":17,\"num\":1,\"type\":3},{\"id\":5,\"num\":1,\"type\":4},{\"id\":27,\"num\":1,\"type\":3},{\"id\":14,\"num\":1,\"type\":3},{\"id\":109,\"num\":1,\"type\":3}]', 0, 0, 0, 0, 0, '10级新手礼包，打开后可获得：<br/>机械鹦鹉×1<br/>原始训练场×1<br/>照相机×1<br/>多胎丸×1<br/>“15级新手礼包”×1', 0, 0, 10, 0, '', 0, 0),
(109, '15级新手礼包', '[{\"id\":17,\"num\":1,\"type\":3},{\"id\":18,\"num\":1,\"type\":5},{\"id\":34,\"num\":1,\"type\":3},{\"id\":10,\"num\":1,\"type\":3},{\"id\":110,\"num\":1,\"type\":3}]', '[{\"id\":17,\"num\":1,\"type\":3},{\"id\":18,\"num\":1,\"type\":5},{\"id\":34,\"num\":1,\"type\":3},{\"id\":10,\"num\":1,\"type\":3},{\"id\":110,\"num\":1,\"type\":3}]', 0, 0, 0, 0, 0, '15级新手礼包，打开后可获得：<br/>机械鹦鹉×1<br/>糖果笼×1<br/>天赋药剂×1<br/>爱心树×1<br/>“20级新手礼包”×1', 0, 0, 15, 0, '', 0, 0),
(110, '20级新手礼包', '[{\"id\":17,\"num\":3,\"type\":3},{\"id\":18,\"num\":1,\"type\":1},{\"id\":39,\"num\":1,\"type\":3},{\"id\":35,\"num\":1,\"type\":3}]', '[{\"id\":17,\"num\":3,\"type\":3},{\"id\":18,\"num\":1,\"type\":1},{\"id\":39,\"num\":1,\"type\":3},{\"id\":35,\"num\":1,\"type\":3}]', 0, 0, 0, 0, 0, '20级新手礼包，打开后可获得：<br/>机械鹦鹉×3<br/>黑洞陷阱×1<br/>免战卡×1<br/>成长药剂×1', 0, 0, 20, 0, '', 0, 0),
(111, '7天连续登陆大礼包', '[{\"id\":34,\"num\":1,\"type\":3},{\"id\":35,\"num\":1,\"type\":3},{\"id\":33,\"num\":1,\"type\":3},{\"id\":7,\"num\":1,\"type\":4}]', '[{\"id\":34,\"num\":1,\"type\":3},{\"id\":35,\"num\":1,\"type\":3},{\"id\":33,\"num\":1,\"type\":3},{\"id\":7,\"num\":1,\"type\":4}]', 0, 0, 0, 0, 0, '7天连续登陆大礼包，打开可获得：天赋药剂X1，成长药剂X1，训练加速卡X1，星际训练场X1', 0, 0, 1, 0, '', 1, 0),
(112, '红玫瑰', '好友亲密度+1，爱心+1，不受赠送限制', '', 26, 1, 3, 19, 1, '示爱的最经典花朵', 1, 26, 1, 0, '', 1, 0),
(113, '粉玫瑰', '好友亲密度+2，爱心+2，不受赠送限制', '', 26, 2, 3, 29, 1, '漂亮又可爱的粉色玫瑰', 1, 26, 1, 0, '', 1, 0),
(114, '蓝色妖姬', '好友亲密度+3，爱心+3，不受赠送限制', '', 26, 3, 3, 39, 1, '稀有的蓝色玫瑰，动人心魄', 1, 26, 1, 0, '', 1, 0),
(115, '易拉罐环', '易拉罐做的指环，对穷人来说也是个不错的装饰', '', 27, 1, 1, 5200, 1, '求婚必备，婚后获得永久喜鹊祝福', 1, 27, 1, 0, '', 1, 0),
(116, '白银对戒', '美丽的白银对戒，性价比很高', '', 27, 3, 1, 520000, 1, '求婚必备，婚后获得永久鸳鸯祝福', 1, 27, 1, 0, '', 1, 0),
(117, '黄金对戒', '珍贵的经典黄金对戒', '', 27, 8, 3, 520, 1, '求婚必备，婚后获得永久比翼鸟祝福', 1, 27, 1, 0, '', 1, 0),
(118, '钻石对戒', '代表最纯洁真挚的爱情的钻石对戒', '', 27, 20, 3, 5200, 1, '求婚必备，婚后获得永久天使祝福', 1, 27, 1, 0, '', 1, 0),
(119, '圣诞红色礼包', '[{\"id\":112,\"num\":1,\"type\":3},{\"id\":14,\"num\":1,\"type\":3}]', '[{\"id\":112,\"num\":1,\"type\":3},{\"id\":14,\"num\":1,\"type\":3}]', 0, 0, 0, 0, 0, '红色的圣诞礼包，打开可获得红玫瑰x1，多胎丸x1。', 0, 0, 1, 0, '', 1, 0),
(120, '圣诞粉色礼包', '[{\"id\":113,\"num\":1,\"type\":3},{\"id\":10,\"num\":1,\"type\":3}]', '[{\"id\":113,\"num\":1,\"type\":3},{\"id\":10,\"num\":1,\"type\":3}]', 0, 0, 0, 0, 0, '粉色的圣诞礼包，打开可获得粉玫瑰x1，爱心树x1。', 0, 0, 1, 0, '', 1, 0),
(121, '圣诞蓝色礼包', '[{\"id\":114,\"num\":1,\"type\":3},{\"id\":35,\"num\":1,\"type\":3}]', '[{\"id\":114,\"num\":1,\"type\":3},{\"id\":35,\"num\":1,\"type\":3}]', 0, 0, 0, 0, 0, '蓝色的圣诞礼包，打开可获得蓝色妖姬x1，成长药剂x1。', 0, 0, 1, 0, '', 1, 0),
(122, '师徒大礼包', '[{\"t\":10,\"s\":195,\"c\":1,\"n\":100,\"i\":100}]', '[{\"t\":10,\"s\":195,\"c\":1,\"n\":100,\"i\":100}]', 0, 0, 0, 0, 0, '打开可获得随机礼物', 0, 0, 1, 0, '', 1, 0),
(123, '师徒大礼包', '[{\"t\":10,\"s\":195,\"c\":1,\"n\":50,\"i\":1000},{\"t\":4,\"s\":195,\"c\":3,\"n\":50,\"i\":112}]', '[{\"t\":10,\"s\":195,\"c\":1,\"n\":50,\"i\":1000},{\"t\":4,\"s\":195,\"c\":3,\"n\":50,\"i\":112}]', 0, 0, 0, 0, 0, '打开可获得随机礼物', 0, 0, 1, 0, '', 1, 0),
(124, '师徒大礼包', '[{\"t\":10,\"s\":195,\"c\":1,\"n\":40,\"i\":2000},{\"t\":4,\"s\":195,\"c\":3,\"n\":30,\"i\":113},{\"t\":4,\"s\":195,\"c\":1,\"n\":30,\"i\":14}]', '[{\"t\":10,\"s\":195,\"c\":1,\"n\":40,\"i\":2000},{\"t\":4,\"s\":195,\"c\":3,\"n\":30,\"i\":113},{\"t\":4,\"s\":195,\"c\":1,\"n\":30,\"i\":14}]', 0, 0, 0, 0, 0, '打开可获得随机礼物', 0, 0, 1, 0, '', 1, 0),
(125, '师徒大礼包', '[{\"t\":10,\"s\":195,\"c\":1,\"n\":40,\"i\":5000},{\"t\":4,\"s\":195,\"c\":3,\"n\":30,\"i\":114},{\"t\":4,\"s\":195,\"c\":1,\"n\":30,\"i\":48}]', '[{\"t\":10,\"s\":195,\"c\":1,\"n\":40,\"i\":5000},{\"t\":4,\"s\":195,\"c\":3,\"n\":30,\"i\":114},{\"t\":4,\"s\":195,\"c\":1,\"n\":30,\"i\":48}]', 0, 0, 0, 0, 0, '打开可获得随机礼物', 0, 0, 1, 0, '', 1, 0),
(126, '师徒大礼包', '[{\"t\":10,\"s\":195,\"c\":1,\"n\":40,\"i\":10000},{\"t\":9,\"s\":195,\"c\":1,\"n\":40,\"i\":50},{\"t\":14,\"s\":195,\"c\":1,\"n\":10,\"i\":7},{\"t\":4,\"s\":195,\"c\":2,\"n\":10,\"i\":48}]', '[{\"t\":10,\"s\":195,\"c\":1,\"n\":40,\"i\":10000},{\"t\":9,\"s\":195,\"c\":1,\"n\":40,\"i\":50},{\"t\":14,\"s\":195,\"c\":1,\"n\":10,\"i\":7},{\"t\":4,\"s\":195,\"c\":2,\"n\":10,\"i\":48}]', 0, 0, 0, 0, 0, '打开可获得随机礼物', 0, 0, 1, 0, '', 1, 0),
(127, '师徒大礼包', '[{\"t\":10,\"s\":195,\"c\":1,\"n\":30,\"i\":15000},{\"t\":9,\"s\":195,\"c\":1,\"n\":15,\"i\":150},{\"t\":4,\"s\":195,\"c\":1,\"n\":25,\"i\":35},{\"t\":4,\"s\":195,\"c\":1,\"n\":25,\"i\":34},{\"t\":1,\"s\":195,\"c\":1,\"n\":5,\"i\":68}]', '[{\"t\":10,\"s\":195,\"c\":1,\"n\":30,\"i\":15000},{\"t\":9,\"s\":195,\"c\":1,\"n\":15,\"i\":150},{\"t\":4,\"s\":195,\"c\":1,\"n\":25,\"i\":35},{\"t\":4,\"s\":195,\"c\":1,\"n\":25,\"i\":34},{\"t\":1,\"s\":195,\"c\":1,\"n\":5,\"i\":68}]', 0, 0, 0, 0, 0, '打开可获得随机礼物', 0, 0, 1, 0, '', 1, 0),
(128, '小年红包', '[{\"id\":112,\"num\":1,\"type\":3},{\"id\":48,\"num\":1,\"type\":3},{\"id\":17,\"num\":3,\"type\":3}]', '[{\"id\":112,\"num\":1,\"type\":3},{\"id\":48,\"num\":1,\"type\":3},{\"id\":17,\"num\":3,\"type\":3}]', 0, 0, 3, 9999, 0, '小年红包，打开后可得到：红玫瑰x1,时光沙漏x1,机械鹦鹉x3', 0, 0, 1, 0, '', 1, 0),
(129, '新年红包', '[{\"id\":17,\"num\":5,\"type\":3},{\"id\":114,\"num\":1,\"type\":3},{\"id\":35,\"num\":1,\"type\":3}]', '[{\"id\":17,\"num\":5,\"type\":3},{\"id\":114,\"num\":1,\"type\":3},{\"id\":35,\"num\":1,\"type\":3}]', 0, 0, 3, 9999, 0, '新年红包，打开后可得到蓝色妖姬x1,成长药剂x1,机械鹦鹉x5', 0, 0, 1, 0, '', 1, 0),
(130, '元宵红包', '[{\"id\":17,\"num\":3,\"type\":3},{\"id\":113,\"num\":1,\"type\":3},{\"id\":10,\"num\":1,\"type\":3}]', '[{\"id\":17,\"num\":3,\"type\":3},{\"id\":113,\"num\":1,\"type\":3},{\"id\":10,\"num\":1,\"type\":3}]', 0, 0, 3, 9999, 0, '元宵红包,打开后可得到：粉色玫瑰x1,爱心树x1,机械鹦鹉x3', 0, 0, 1, 0, '', 1, 0),
(131, '恋爱礼包', '[{\"id\":112,\"num\":99,\"type\":3},{\"id\":113,\"num\":99,\"type\":3},{\"id\":114,\"num\":99,\"type\":3},{\"id\":17,\"num\":108,\"type\":3},{\"id\":42,\"num\":3,\"type\":3},{\"id\":118,\"num\":1,\"type\":3}]', '[{\"id\":112,\"num\":99,\"type\":3},{\"id\":113,\"num\":99,\"type\":3},{\"id\":114,\"num\":99,\"type\":3},{\"id\":17,\"num\":108,\"type\":3},{\"id\":42,\"num\":3,\"type\":3},{\"id\":118,\"num\":1,\"type\":3}]', 0, 0, 3, 19999, 1, '恋爱礼包，打开可获得红玫瑰×99、粉玫瑰×99、蓝色妖姬×99、机械鹦鹉包×9、天使心×3、钻石对戒×1', 0, 0, 1, 0, '', -10000, 0),
(132, '时尚组合礼包', '[{\"id\":48,\"num\":2,\"type\":3},{\"id\":17,\"num\":12,\"type\":3}]', '[{\"id\":48,\"num\":2,\"type\":3},{\"id\":17,\"num\":12,\"type\":3}]', 0, 0, 3, 400, 1, '时尚组合礼包。打开可获得：时光沙漏x2+机械鹦鹉包', 0, 0, 1, 0, '', 1, 0),
(133, '时尚白银礼包', '[{\"id\":35,\"num\":1,\"type\":3},{\"id\":34,\"num\":1,\"type\":3},{\"id\":37,\"num\":1,\"type\":3}]', '[{\"id\":35,\"num\":1,\"type\":3},{\"id\":34,\"num\":1,\"type\":3},{\"id\":37,\"num\":1,\"type\":3}]', 0, 0, 3, 800, 1, '时尚白银礼包，打开可获得：成长药剂+天赋药剂+催产剂', 0, 0, 1, 0, '', 1, 0),
(134, '时尚黄金礼包', '[{\"id\":35,\"num\":2,\"type\":3},{\"id\":34,\"num\":2,\"type\":3},{\"id\":37,\"num\":4,\"type\":3}]', '[{\"id\":35,\"num\":2,\"type\":3},{\"id\":34,\"num\":2,\"type\":3},{\"id\":37,\"num\":4,\"type\":3}]', 0, 0, 3, 1600, 1, '时尚黄金礼包，打开可获得：成长药剂x2+天赋药剂x2+催产剂x4\r\n', 0, 0, 1, 0, '', 1, 0),
(135, '康乃馨', '增加自己8点爱心，与好友的亲密度8点，花计数8个，不受赠送礼物限制', '', 26, 8, 3, 49, 1, '赠送给好友，表达爱意', 0, 26, 1, 0, '', 1, 1),
(136, '超值组合礼包', '[{\"id\":48,\"num\":1,\"type\":3},{\"id\":14,\"num\":1,\"type\":3}]', '[{\"id\":48,\"num\":1,\"type\":3},{\"id\":14,\"num\":1,\"type\":3}]', 0, 0, 3, 160, 1, '超值组合礼包，打开可获得：时光沙漏x1+多胎丸x1', 0, 0, 1, 0, '', 1, 1),
(137, '超值水晶礼包', '[{\"id\":35,\"num\":2,\"type\":3},{\"id\":34,\"num\":2,\"type\":3},{\"id\":42,\"num\":1,\"type\":3}]', '[{\"id\":35,\"num\":2,\"type\":3},{\"id\":34,\"num\":2,\"type\":3},{\"id\":42,\"num\":1,\"type\":3}]', 0, 0, 3, 1600, 1, '超值水晶礼包，打开可获得：成长药剂x2+天赋药剂x2+天使心X1', 0, 0, 1, 0, '', 1, 1),
(138, '超值钻石礼包', '[{\"id\":35,\"num\":3,\"type\":3},{\"id\":45,\"num\":2,\"type\":3}]', '[{\"id\":35,\"num\":3,\"type\":3},{\"id\":45,\"num\":2,\"type\":3}]', 0, 0, 3, 2400, 1, '超值钻石礼包，打开可获得：成长药剂x3+稳定药剂x1', 0, 0, 1, 0, '', 1, 1),
(152, '人物改名卡', '给你一次重新命名的机会', '', 40, 0, 3, 999, 1, '使用后可以更改昵称', 1, 40, 1, 0, '', 1, 1),
(153, '性别更改卡', '给你一次重新更改性别的机会\r\n', '', 41, 0, 3, 4999, 1, '使用后可以更改性别', 1, 41, 1, 0, '', 1, 1);

-- --------------------------------------------------------

--
-- 表的结构 `base_race`
--

DROP TABLE IF EXISTS `base_race`;
CREATE TABLE IF NOT EXISTS `base_race` (
  `id` int(11) UNSIGNED NOT NULL DEFAULT 0 COMMENT '基因类型',
  `name` varchar(50) DEFAULT '' COMMENT '名称',
  `desc_text` varchar(500) DEFAULT '' COMMENT '描述',
  PRIMARY KEY (`id`)
) ENGINE=InnoDB DEFAULT CHARSET=utf8mb4 COLLATE=utf8mb4_general_ci;

--
-- 转存表中的数据 `base_race`
--

INSERT INTO `base_race` (`id`, `name`, `desc_text`) VALUES
(1, '狂暴', '天生的战士，战斗时有50%的概率狂暴，重量提升10%'),
(2, '神圣', '领导者的光环，每次参加战斗时提升己方所有小鸟3%的重量'),
(3, '坚强', '强大的心灵反抗一切压制，免疫所有克制技能'),
(4, '聪慧', '最聪明的大脑带来最强学习能力，战斗后获得经验额外提升1倍'),
(5, '贪婪', '对金钱充满了无穷的欲望，战斗胜利额外获得5%的金钱'),
(6, '爱恋', '战斗时召唤伴侣助阵，体重提升100%');

-- --------------------------------------------------------

--
-- 表的结构 `base_title`
--

DROP TABLE IF EXISTS `base_title`;
CREATE TABLE IF NOT EXISTS `base_title` (
  `id` int(11) UNSIGNED NOT NULL DEFAULT 0 COMMENT '称号Id',
  `name` varchar(50) NOT NULL DEFAULT '' COMMENT '称号名称',
  `desc_text` varchar(100) NOT NULL DEFAULT '' COMMENT '称号描述',
  PRIMARY KEY (`id`)
) ENGINE=InnoDB DEFAULT CHARSET=utf8mb4 COLLATE=utf8mb4_general_ci COMMENT='称号配置表';

--
-- 转存表中的数据 `base_title`
--

INSERT INTO `base_title` (`id`, `name`, `desc_text`) VALUES
(1, '小菜鸟', ''),
(2, '小鸟VIP', ''),
(3, '恋上小鸟', ''),
(4, '花仙子', ''),
(5, '喜气洋洋', '开服称号');

-- --------------------------------------------------------

--
-- 表的结构 `base_train`
--

DROP TABLE IF EXISTS `base_train`;
CREATE TABLE IF NOT EXISTS `base_train` (
  `id` int(11) UNSIGNED NOT NULL COMMENT '训练场Id',
  `name` varchar(50) NOT NULL DEFAULT '' COMMENT '名称',
  `desc_text` varchar(500) NOT NULL DEFAULT '' COMMENT '描述',
  `fee_type` tinyint(4) UNSIGNED NOT NULL DEFAULT 0 COMMENT '价格类型,1金币/2元宝/3爱心',
  `fee_price` int(11) UNSIGNED NOT NULL DEFAULT 0 COMMENT '价格数值',
  `max_level` smallint(6) UNSIGNED NOT NULL DEFAULT 0 COMMENT '最高训练等级',
  `min_exp` int(11) UNSIGNED NOT NULL DEFAULT 0 COMMENT '每分钟获得经验值',
  `func` varchar(100) NOT NULL DEFAULT '' COMMENT '功能描述',
  `status` tinyint(4) UNSIGNED NOT NULL DEFAULT 0 COMMENT '状态',
  `sort` int(11) UNSIGNED NOT NULL DEFAULT 0 COMMENT 'sort',
  `lu` int(11) UNSIGNED NOT NULL DEFAULT 0 COMMENT 'lu',
  `ut` varchar(200) NOT NULL DEFAULT '' COMMENT 'ut',
  `ep` int(11) UNSIGNED NOT NULL DEFAULT 0 COMMENT 'ep',
  `ad` varchar(50) NOT NULL DEFAULT '' COMMENT 'ad',
  `is_shopping` tinyint(4) UNSIGNED NOT NULL DEFAULT 0 COMMENT '是否在商店出售',
  PRIMARY KEY (`id`) USING BTREE
) ENGINE=InnoDB DEFAULT CHARSET=utf8mb4 COLLATE=utf8mb4_general_ci COMMENT='训练场配置表';

--
-- 转存表中的数据 `base_train`
--

INSERT INTO `base_train` (`id`, `name`, `desc_text`, `fee_type`, `fee_price`, `max_level`, `min_exp`, `func`, `status`, `sort`, `lu`, `ut`, `ep`, `ad`, `is_shopping`) VALUES
(1, '简易训练场', '自己DIY制作的训练场，效果差强人意', 1, 0, 50, 1, '小鸟获得1经验/分钟,最多4小时，最高训练至50级', 0, 1, 1, '0', 24, '', 0),
(2, '土著训练场', '土著人的传承已久的神秘训练场', 2, 300, 100, 2, '小鸟获得2经验/分钟,最多4小时', 0, 2, 16, '0', 24, '', 1),
(3, '幻境训练场', '用神秘的幻阵给小鸟提供最接近真实的训练', 3, 199, 100, 3, '小鸟获得3经验/分钟,最多4小时', 0, 3, 1, '0', 24, '', 1),
(4, '太空训练场', '漂浮在太空中的训练场给小鸟们带来最强的训练', 3, 499, 100, 5, '小鸟获得5经验/分钟,最多4小时，可训练至100级', 0, 4, 1, '0', 24, '', 1),
(5, '原始训练场', '原始人传承已久的神秘训练场', 2, 300, 70, 1, '小鸟获得1经验/分钟,最多4小时，最高训练至70级', 1, 2, 16, '0', 12, '', 1),
(6, '梦幻训练场', '用神秘的梦境给小鸟提供最接近真实的训练', 3, 199, 80, 1, '小鸟获得1经验/分钟,最多4小时，最高训练至80级', 1, 3, 1, '0', 24, '', 1),
(7, '星际训练场', '漂浮在星际间的训练场给小鸟们带来超强的训练', 3, 299, 100, 2, '小鸟获得2经验/分钟,最多4小时，可训练至100级', 1, 4, 1, '0', 24, '', 1),
(8, '悬空寺', '传说中道家修炼的圣地，给小鸟带来最强的训练', 3, 399, 100, 3, '小鸟获得3经验/分钟,最多4小时，可训练至100级', 0, 4, 1, '0', 24, '(限时)', 1),
(9, '情侣训练场', '婚后能够情侣一起训练，效果好极啦', 3, 199999, 50, 2, '小鸟获得2经验/分钟,最多4小时，可训练至50级', 0, 1, 1, '0', 24, '', 1),
(10, '百鸟园', '百鸟园能给小鸟们带来无与伦比的快乐训练', 3, 9999, 100, 5, '小鸟获得5经验/分钟,最多4小时，可训练至100级', 0, 4, 1, '0', 24, '', 1);

-- --------------------------------------------------------

--
-- 表的结构 `base_trap`
--

DROP TABLE IF EXISTS `base_trap`;
CREATE TABLE IF NOT EXISTS `base_trap` (
  `id` int(11) UNSIGNED NOT NULL COMMENT '陷阱Id',
  `name` varchar(50) NOT NULL DEFAULT '' COMMENT '名称',
  `desc_text` varchar(500) NOT NULL DEFAULT '' COMMENT '描述',
  `fee_type` tinyint(4) UNSIGNED NOT NULL DEFAULT 0 COMMENT '价格类型,1金币/2元宝/3爱心',
  `fee_price` int(11) UNSIGNED NOT NULL DEFAULT 0 COMMENT '价格数值',
  `effect_value` int(11) UNSIGNED NOT NULL DEFAULT 0 COMMENT '效果值',
  `num` int(11) UNSIGNED DEFAULT 0 COMMENT '数量',
  `func` varchar(200) DEFAULT '' COMMENT '功能描述',
  `status` tinyint(4) UNSIGNED NOT NULL DEFAULT 0 COMMENT '状态',
  `lu` int(11) UNSIGNED DEFAULT 0 COMMENT 'lu',
  `ad` varchar(200) NOT NULL DEFAULT '' COMMENT 'ad',
  `lb` int(11) UNSIGNED NOT NULL DEFAULT 0,
  `is_shopping` tinyint(4) UNSIGNED NOT NULL DEFAULT 0 COMMENT '是否在商店出售',
  PRIMARY KEY (`id`) USING BTREE
) ENGINE=InnoDB DEFAULT CHARSET=utf8mb4 COLLATE=utf8mb4_general_ci COMMENT='陷阱配置表';

--
-- 转存表中的数据 `base_trap`
--

INSERT INTO `base_trap` (`id`, `name`, `desc_text`, `fee_type`, `fee_price`, `effect_value`, `num`, `func`, `status`, `lu`, `ad`, `lb`, `is_shopping`) VALUES
(1, '竹筐', '经典捕鸟装备，竹筐、小棍加绳子，简约而不简单', 1, 0, 0, 20, '无特殊效果', 0, 1, '', 1, 0),
(2, '臭袜子', '邻居国家队员小徐叔叔的足球袜，套上诱饵后捕鸟效果那是相当的好', 1, 9, 1, 20, '捕鸟逃跑时间延长1小时', 0, 3, '', 1, 1),
(3, '大花猫', '用小鱼干诱骗大花猫小强在诱饵旁守株待鸟，智能生物陷阱！', 2, 100, 5, 20, '提升重量波动上限5%', 1, 19, '', 1, 1),
(4, '弹弓', '树丫与橡皮筋的绝佳组合,一发子弹打晕一个吃饵小鸟', 1, 100, 3, 20, '收鸟经验增加3%，至少1点', 1, 3, '', 1, 1),
(5, '整蛊盒', '贪吃的小鸟们一落在整蛊盒上，盒里的小丑头像就会暴起吓昏他们', 1, 1000, 3, 20, '捕鸟时间缩短3%', 1, 10, '', 1, 1),
(6, '渔网', '结实耐用的专用捕鱼网，不过用来捕鸟也不错哦，大网眼捕大鸟', 1, 2983, 5, 20, '收鸟时重量上限上升5%', 0, 23, '', 1, 1),
(7, '菖蒲', '生活在水中的有一定毒素的植物，鸟儿们要受苦啦', 1, 5711, 2, 20, '捕鸟逃跑时间延长2小时', 0, 29, '', 1, 1),
(8, '蒙汗药', '蒙汗药不止能开黑店，用来蒙倒小鸟们也不错嘛', 1, 10860, 5, 20, '收鸟经验增加5%', 0, 35, '', 1, 1),
(9, '电网', '通有弱电的小网，鸟儿们站上面就都被电晕了', 1, 78741, 6, 20, '捕鸟时间缩短6%', 0, 41, '', 1, 1),
(10, '镜面陷阱', '5面镜子构成的开口立方体，鸟儿们进来后直接被闪晕', 1, 195247, 5, 20, '收鸟时重量上下限同时增长5%', 0, 47, '', 1, 1),
(11, '麻醉枪', '装了麻醉药剂子弹的手枪，不论打中哪，鸟儿们都跑不了', 1, 369797, 4, 20, '捕鸟逃跑时间延长4小时', 0, 53, '', 1, 1),
(12, '电磁陷阱', '一开电源，陷阱就充满强力的磁性，苍蝇都飞不了', 2, 50, 8, 20, '收鸟经验增加8%,至少1点', 1, 15, '', 1, 1),
(13, '机器人', '全自动，设定好程序往那一放，该干嘛干嘛去，记得回来收就行', 1, 702358, 9, 20, '捕鸟时间缩短9%', 0, 65, '', 1, 1),
(14, '八卦阵', '从秘笈上学来的玄之又玄的方法，布好阵后，不认字的小鸟们全困里面了', 1, 728044, 10, 20, '收鸟时重量上限上升10%', 0, 71, '', 1, 1),
(15, '变形金刚', '有钱能使鬼推磨，擎天柱哥哥亲自来帮咱抓鸟喽！', 1, 778948, 8, 20, '捕鸟逃跑时间延长8小时', 0, 77, '', 1, 1),
(16, '太虚幻镜', '一件传说中的神器，进入幻境后让你在其中醉生梦死而不知时间', 1, 837069, 12, 20, '收鸟经验增加12%', 0, 83, '', 1, 1),
(17, '金刚圈', '仙器金刚圈，“急急如律令”的咒语一出，自动追踪自动绑定', 1, 913065, 12, 20, '捕鸟时间缩短12%', 0, 89, '', 1, 1),
(18, '黑洞', '终极高科技武器-人造黑洞,极致的引力控制', 3, 399, 50, 20, '提升重量上限50%', 1, 1, '', 1, 1),
(20, '灵巧陷阱', '一种能快速布置快速收获的专业陷阱', 3, 89, 5, 20, '增加5%经验,减少5%时间', 1, 1, '', 1, 1),
(21, '重力陷阱', '重力强化陷阱,让小鸟们束手就擒', 3, 129, 5, 20, '5%几率捕捉最重,逃脱延长48小时', 1, 1, '', 1, 1),
(22, '辐射陷阱', '用微量的辐射诱捕小鸟，能提升小鸟重量', 3, 199, 10, 20, '提升重量波动上下限各10%', 1, 1, '', 1, 1);

-- --------------------------------------------------------

--
-- 表的结构 `base_vip`
--

DROP TABLE IF EXISTS `base_vip`;
CREATE TABLE IF NOT EXISTS `base_vip` (
  `level` int(11) UNSIGNED NOT NULL DEFAULT 0 COMMENT 'vip等级',
  `pay` int(11) DEFAULT 0 COMMENT '充值金额',
  `info` varchar(200) DEFAULT '' COMMENT '解锁功能描述',
  PRIMARY KEY (`level`)
) ENGINE=InnoDB DEFAULT CHARSET=utf8mb4 COLLATE=utf8mb4_general_ci COMMENT='VIP配置表';

--
-- 转存表中的数据 `base_vip`
--

INSERT INTO `base_vip` (`level`, `pay`, `info`) VALUES
(1, 500, '解锁快速战斗功能，每日可使用战斗恢复卡3次，每日可重置小鸟战队战斗次数1次，配对重量下限增加3%'),
(2, 1000, '解锁一键下饵功能，每日可使用战斗恢复卡4次，每日可重置小鸟战队战斗次数2次，配对重量下限增加5%'),
(3, 3000, '解锁一键收网功能，每日可使用战斗恢复卡5次，每日可重置小鸟战队战斗次数3次，配对重量下限增加10%'),
(4, 5000, '解锁一键加速功能，每日可使用战斗恢复卡6次，每日可重置小鸟战队战斗次数4次，配对重量下限增加15%'),
(5, 10000, '解锁一键训练功能，每日可使用战斗恢复卡7次，每日可重置小鸟战队战斗次数5次，配对重量下限增加20%'),
(6, 30000, '每日可使用战斗恢复卡8次，每日可重置小鸟战队战斗次数6次，配对重量下限增加25%'),
(7, 50000, '每日可使用战斗恢复卡9次，每日可重置小鸟战队战斗次数7次，配对重量下限增加30%'),
(8, 100000, '每日可使用战斗恢复卡10次，每日可重置小鸟战队战斗次数8次，配对重量下限增加35%'),
(9, 200000, '每日可使用战斗恢复卡11次，每日可重置小鸟战队战斗次数9次，配对重量下限增加40%'),
(10, 300000, '每日可使用战斗恢复卡12次，每日可重置小鸟战队战斗次数10次，配对重量下限增加45%'),
(11, 500000, '每日可使用战斗恢复卡13次，每日可重置小鸟战队战斗次数11次，配对重量下限增加50%'),
(12, 1000000, '每日可使用战斗恢复卡14次，每日可重置小鸟战队战斗次数12次，配对重量下限增加55%'),
(13, 3000000, '每日可使用战斗恢复卡15次，每日可重置小鸟战队战斗次数13次，配对重量下限增加60%');

-- --------------------------------------------------------

--
-- 表的结构 `log_chat`
--

DROP TABLE IF EXISTS `log_chat`;
CREATE TABLE IF NOT EXISTS `log_chat` (
  `id` bigint(20) UNSIGNED NOT NULL AUTO_INCREMENT COMMENT '唯一Id',
  `role_id` varchar(50) NOT NULL DEFAULT '' COMMENT '发送玩家Id',
  `role_name` varchar(50) NOT NULL DEFAULT '' COMMENT '发送玩家名称',
  `title_name` varchar(50) NOT NULL DEFAULT '' COMMENT '发送玩家称号名称',
  `message` varchar(200) NOT NULL DEFAULT '' COMMENT '消息内容',
  `time` int(11) UNSIGNED NOT NULL DEFAULT 0 COMMENT '发送时间戳',
  PRIMARY KEY (`id`)
) ENGINE=InnoDB AUTO_INCREMENT=609 DEFAULT CHARSET=utf8mb4 COLLATE=utf8mb4_general_ci COMMENT='聊天日志记录表';

--
-- 转存表中的数据 `log_chat`
--

INSERT INTO `log_chat` (`id`, `role_id`, `role_name`, `title_name`, `message`, `time`) VALUES
(1, '49770a51d1af4cfbb1178617b6740022', '牧童大将军', '小菜鸟', '无聊', 1731723370),
(2, '49770a51d1af4cfbb1178617b6740022', '张三', '小菜鸟', '哈点哈点阿哲', 1731789279),
(3, '49770a51d1af4cfbb1178617b6740022', '輕染莯琉璃', '小菜鸟', '滴滴滴', 1731813801),
(4, '49770a51d1af4cfbb1178617b6740022', '一粒尘埃', '小菜鸟', '新的一天', 1731773786),
(5, '49770a51d1af4cfbb1178617b6740022', '童某', '小菜鸟', '新的开始', 1731789061),
(6, '49770a51d1af4cfbb1178617b6740022', '南城', '小菜鸟', '齐全齐全群群群', 1731750087),
(7, '49770a51d1af4cfbb1178617b6740022', '叶落随风', '小菜鸟', '看他没反应以为睡了，没想到刚打就打回来了', 1731789483),
(8, '49770a51d1af4cfbb1178617b6740022', '牧童大将军', '小菜鸟', '我想死你们啦', 1731729582),
(9, '49770a51d1af4cfbb1178617b6740022', '我要吃火锅', '小菜鸟', '加油，兄弟们', 1731793614),
(10, '49770a51d1af4cfbb1178617b6740022', '꧁༺云霄༻꧂', '小菜鸟', '都睡觉了吧', 1731785848),
(11, '49770a51d1af4cfbb1178617b6740022', '白开水', '小菜鸟', '长夜漫漫', 1731810947),
(12, '49770a51d1af4cfbb1178617b6740022', '重温旧梦', '小菜鸟', '觉不够睡啊', 1731798304),
(13, '49770a51d1af4cfbb1178617b6740022', '梦回大唐', '小菜鸟', '睡吧睡吧，宝贝', 1731725569),
(14, '49770a51d1af4cfbb1178617b6740022', '张三', '小菜鸟', '🙈', 1731766538),
(15, '49770a51d1af4cfbb1178617b6740022', '🌊洞房花烛夜🌊', '小菜鸟', '晚安，大宝贝', 1731726934),
(16, '49770a51d1af4cfbb1178617b6740022', '酒醉乘风', '小菜鸟', '6666', 1731809446),
(17, '49770a51d1af4cfbb1178617b6740022', '飛龍在天', '小菜鸟', '滴滴滴', 1731727711),
(18, '49770a51d1af4cfbb1178617b6740022', '情非得已', '小菜鸟', '老年卡', 1731816278),
(19, '49770a51d1af4cfbb1178617b6740022', '南城', '小菜鸟', '每天', 1731792773),
(20, '49770a51d1af4cfbb1178617b6740022', '一念成魔', '小菜鸟', '水一水', 1731760107),
(21, '49770a51d1af4cfbb1178617b6740022', '兜兜有糖、', '小菜鸟', '人呢', 1731766506),
(22, '49770a51d1af4cfbb1178617b6740022', '童某', '小菜鸟', '都没人水了吗', 1731743104),
(23, '49770a51d1af4cfbb1178617b6740022', '南风知我意', '小菜鸟', '你们都到50了吗', 1731752701),
(24, '49770a51d1af4cfbb1178617b6740022', '鲸落', '小菜鸟', '不到50怎么睡得着', 1731765623),
(25, '49770a51d1af4cfbb1178617b6740022', '枪出如龙', '小菜鸟', '😂', 1731797815),
(26, '49770a51d1af4cfbb1178617b6740022', '南城', '小菜鸟', '晚上适合水', 1731744277),
(27, '49770a51d1af4cfbb1178617b6740022', '情非得已', '小菜鸟', '刷刷刷', 1731816115),
(28, '49770a51d1af4cfbb1178617b6740022', '暖阳不倾城', '小菜鸟', '牛逼了', 1731768100),
(29, '49770a51d1af4cfbb1178617b6740022', '勾栏听曲丶', '小菜鸟', '牛逼坏了', 1731746651),
(30, '49770a51d1af4cfbb1178617b6740022', '꧁༺云霄༻꧂', '小菜鸟', '新的一天才刚刚开始', 1731745204),
(31, '49770a51d1af4cfbb1178617b6740022', '一粒尘埃', '小菜鸟', '打卡', 1731805651),
(32, '49770a51d1af4cfbb1178617b6740022', '小小怪', '小菜鸟', '滴滴滴', 1731747215),
(33, '49770a51d1af4cfbb1178617b6740022', '南风知我意', '小菜鸟', '碎了吗？', 1731813191),
(34, '49770a51d1af4cfbb1178617b6740022', '倾城繁华尽', '小菜鸟', '我还在坚挺！', 1731795564),
(35, '49770a51d1af4cfbb1178617b6740022', '朝朝暮暮', '小菜鸟', '打卡', 1731785337),
(36, '49770a51d1af4cfbb1178617b6740022', '清风徐来入我梦', '小菜鸟', '滴滴滴滴', 1731816596),
(37, '49770a51d1af4cfbb1178617b6740022', '国服花木兰', '小菜鸟', '打卡', 1731758543),
(38, '49770a51d1af4cfbb1178617b6740022', '死猪不怕开水烫', '小菜鸟', '滴滴', 1731733675),
(39, '49770a51d1af4cfbb1178617b6740022', '重温旧梦', '小菜鸟', '签到', 1731804301),
(40, '49770a51d1af4cfbb1178617b6740022', '落羽', '小菜鸟', '滴滴', 1731799945),
(41, '49770a51d1af4cfbb1178617b6740022', '童某', '小菜鸟', '晚上好', 1731811986),
(42, '49770a51d1af4cfbb1178617b6740022', '枪出如龙', '小菜鸟', '牛逼啊', 1731739354),
(43, '49770a51d1af4cfbb1178617b6740022', '我要吃火锅', '小菜鸟', '牛逼坏了', 1731815668),
(44, '49770a51d1af4cfbb1178617b6740022', '勾栏听曲丶', '小菜鸟', '滴滴滴', 1731763790),
(45, '49770a51d1af4cfbb1178617b6740022', '叶落随风', '小菜鸟', '打卡', 1731776407),
(46, '49770a51d1af4cfbb1178617b6740022', '一念成魔', '小菜鸟', '打卡', 1731726728),
(47, '49770a51d1af4cfbb1178617b6740022', '守夜人', '小菜鸟', '滴滴滴', 1731751244),
(48, '49770a51d1af4cfbb1178617b6740022', '情非得已', '小菜鸟', '打卡', 1731738322),
(49, '49770a51d1af4cfbb1178617b6740022', '请叫我红领巾', '小菜鸟', '滴滴滴', 1731790652),
(50, '49770a51d1af4cfbb1178617b6740022', '请叫我红领巾', '小菜鸟', '水一个', 1731781461),
(51, '49770a51d1af4cfbb1178617b6740022', '花开富贵', '小菜鸟', '滴滴滴', 1731750480),
(52, '49770a51d1af4cfbb1178617b6740022', '飛龍在天', '小菜鸟', '马达', 1731784247),
(53, '49770a51d1af4cfbb1178617b6740022', '指路明灯', '小菜鸟', '猫宁', 1731736273),
(54, '49770a51d1af4cfbb1178617b6740022', '梦回大唐', '小菜鸟', '对对对对对', 1731821751),
(55, '49770a51d1af4cfbb1178617b6740022', '情非得已', '小菜鸟', '低调低调', 1731756940),
(56, '49770a51d1af4cfbb1178617b6740022', '指路明灯', '小菜鸟', '签到', 1731761945),
(57, '49770a51d1af4cfbb1178617b6740022', '我要吃火锅', '小菜鸟', '迷你梦幻真好玩', 1731751853),
(58, '49770a51d1af4cfbb1178617b6740022', '飛龍在天', '小菜鸟', '做任务了', 1731759252),
(59, '49770a51d1af4cfbb1178617b6740022', '我要吃火锅', '小菜鸟', '先钓鱼', 1731807125),
(60, '49770a51d1af4cfbb1178617b6740022', '🌊洞房花烛夜🌊', '小菜鸟', '0.0', 1731729387),
(61, '49770a51d1af4cfbb1178617b6740022', '枪出如龙', '小菜鸟', '☀', 1731740653),
(62, '49770a51d1af4cfbb1178617b6740022', '輕染莯琉璃', '小菜鸟', '早上好', 1731754717),
(63, '49770a51d1af4cfbb1178617b6740022', '🌊洞房花烛夜🌊', '小菜鸟', '打卡', 1731745001),
(64, '49770a51d1af4cfbb1178617b6740022', '清风徐来入我梦', '小菜鸟', '签到', 1731737425),
(65, '49770a51d1af4cfbb1178617b6740022', '酒剑仙', '小菜鸟', '早上好', 1731726746),
(66, '49770a51d1af4cfbb1178617b6740022', '勾栏听曲丶', '小菜鸟', '10金来个巡游天神🌷', 1731803680),
(67, '49770a51d1af4cfbb1178617b6740022', '南城', '小菜鸟', '越有钱越小气，巡游10金能收到啊', 1731800944),
(68, '49770a51d1af4cfbb1178617b6740022', '断舍离', '小菜鸟', '早起打卡', 1731804964),
(69, '49770a51d1af4cfbb1178617b6740022', '落叶随风而去', '小菜鸟', '早上好', 1731731130),
(70, '49770a51d1af4cfbb1178617b6740022', '童某', '小菜鸟', '打卡签到', 1731749909),
(71, '49770a51d1af4cfbb1178617b6740022', '断舍离', '小菜鸟', '佬们，', 1731776074),
(72, '49770a51d1af4cfbb1178617b6740022', '倾城繁华尽', '小菜鸟', '早上好', 1731742413),
(73, '49770a51d1af4cfbb1178617b6740022', '枪出如龙', '小菜鸟', '美好的一天开始了，祝今天一切顺利', 1731802472),
(74, '49770a51d1af4cfbb1178617b6740022', '我要吃火锅', '小菜鸟', '厉害厉害', 1731808635),
(75, '49770a51d1af4cfbb1178617b6740022', '请叫我红领巾', '小菜鸟', '迷你梦幻真好玩', 1731772051),
(76, '49770a51d1af4cfbb1178617b6740022', '情非得已', '小菜鸟', '收高图玲珑有没有', 1731749511),
(77, '49770a51d1af4cfbb1178617b6740022', '一念成魔', '小菜鸟', '高攻高防高仿', 1731747219),
(78, '49770a51d1af4cfbb1178617b6740022', '情非得已', '小菜鸟', '真的不是', 1731787707),
(79, '49770a51d1af4cfbb1178617b6740022', '那一抹忧伤', '小菜鸟', '奖励', 1731802427),
(80, '49770a51d1af4cfbb1178617b6740022', '那一抹忧伤', '小菜鸟', '签到', 1731743207),
(81, '49770a51d1af4cfbb1178617b6740022', '叶落随风', '小菜鸟', '大佬们早上好', 1731760725),
(82, '49770a51d1af4cfbb1178617b6740022', '南风知我意', '小菜鸟', '牛马的时间开始', 1731722857),
(83, '49770a51d1af4cfbb1178617b6740022', '酒醉乘风', '小菜鸟', '签到', 1731814499),
(84, '49770a51d1af4cfbb1178617b6740022', '梦回大唐', '小菜鸟', '滴滴', 1731772744),
(85, '49770a51d1af4cfbb1178617b6740022', '勾栏听曲丶', '小菜鸟', '上班打卡', 1731764862),
(86, '49770a51d1af4cfbb1178617b6740022', '玫瑰花语', '小菜鸟', '滴滴滴滴滴滴滴滴', 1731793171),
(87, '49770a51d1af4cfbb1178617b6740022', '一只小螃蟹', '小菜鸟', '滴滴萨瓦迪卡', 1731740357),
(88, '49770a51d1af4cfbb1178617b6740022', '輕染莯琉璃', '小菜鸟', '怎么才周三，这周才过了一半', 1731752444),
(89, '49770a51d1af4cfbb1178617b6740022', '死猪不怕开水烫', '小菜鸟', '没事冒个泡', 1731808265),
(90, '49770a51d1af4cfbb1178617b6740022', '请叫我红领巾', '小菜鸟', '吃早餐了', 1731754619),
(91, '49770a51d1af4cfbb1178617b6740022', '輕染莯琉璃', '小菜鸟', '上午好', 1731782454),
(92, '49770a51d1af4cfbb1178617b6740022', '初雪、', '小菜鸟', '滴滴', 1731787896),
(93, '49770a51d1af4cfbb1178617b6740022', '清风徐来入我梦', '小菜鸟', '才周三', 1731782917),
(94, '49770a51d1af4cfbb1178617b6740022', '喂自己袋盐', '小菜鸟', '国足真的牛', 1731723155),
(95, '49770a51d1af4cfbb1178617b6740022', '泡泡茶壶', '小菜鸟', '无聊啊', 1731822514),
(96, '49770a51d1af4cfbb1178617b6740022', '一念成魔', '小菜鸟', '帮忙啊', 1731788336),
(97, '49770a51d1af4cfbb1178617b6740022', '请叫我红领巾', '小菜鸟', '起飞啊', 1731755219),
(98, '49770a51d1af4cfbb1178617b6740022', '花开富贵', '小菜鸟', '无敌啊', 1731754450),
(99, '49770a51d1af4cfbb1178617b6740022', '朝朝暮暮', '小菜鸟', '没事发个信息', 1731722956),
(100, '49770a51d1af4cfbb1178617b6740022', '勾栏听曲丶', '小菜鸟', '出来吹水', 1731746987),
(101, '49770a51d1af4cfbb1178617b6740022', '泡泡茶壶', '小菜鸟', 'f', 1731800992),
(102, '49770a51d1af4cfbb1178617b6740022', '童某', '小菜鸟', 'fagexx', 1731804679),
(103, '49770a51d1af4cfbb1178617b6740022', '財神爺', '小菜鸟', '迷你你好', 1731767272),
(104, '49770a51d1af4cfbb1178617b6740022', '情非得已', '小菜鸟', '滴滴滴', 1731731954),
(105, '49770a51d1af4cfbb1178617b6740022', '一只小螃蟹', '小菜鸟', '打卡', 1731772043),
(106, '49770a51d1af4cfbb1178617b6740022', '重温旧梦', '小菜鸟', '做任务', 1731816100),
(107, '49770a51d1af4cfbb1178617b6740022', '张三', '小菜鸟', '诶', 1731759913),
(108, '49770a51d1af4cfbb1178617b6740022', '张三', '小菜鸟', '滴滴', 1731762991),
(109, '49770a51d1af4cfbb1178617b6740022', '花开富贵', '小菜鸟', '拖', 1731806997),
(110, '49770a51d1af4cfbb1178617b6740022', '那一抹忧伤', '小菜鸟', '迷你梦幻真好玩', 1731752301),
(111, '49770a51d1af4cfbb1178617b6740022', '泡泡茶壶', '小菜鸟', '真好玩', 1731777233),
(112, '49770a51d1af4cfbb1178617b6740022', '叶落随风', '小菜鸟', '💧', 1731754038),
(113, '49770a51d1af4cfbb1178617b6740022', '花开富贵', '小菜鸟', '签到', 1731731000),
(114, '49770a51d1af4cfbb1178617b6740022', '金樽清酒斗十千', '小菜鸟', '淦', 1731811001),
(115, '49770a51d1af4cfbb1178617b6740022', '云中君', '小菜鸟', '滴滴滴', 1731728907),
(116, '49770a51d1af4cfbb1178617b6740022', '情非得已', '小菜鸟', '钓鱼开始', 1731777904),
(117, '49770a51d1af4cfbb1178617b6740022', '喂自己袋盐', '小菜鸟', '河虾', 1731767761),
(118, '49770a51d1af4cfbb1178617b6740022', '云中君', '小菜鸟', '还是河虾', 1731767228),
(119, '49770a51d1af4cfbb1178617b6740022', '朝朝暮暮', '小菜鸟', '河豚', 1731753995),
(120, '49770a51d1af4cfbb1178617b6740022', '一念成魔', '小菜鸟', '我过年活动以后一直没钓过鱼', 1731757808),
(121, '49770a51d1af4cfbb1178617b6740022', '请叫我红领巾', '小菜鸟', '才攒了6000多次', 1731813009),
(122, '49770a51d1af4cfbb1178617b6740022', '请叫我红领巾', '小菜鸟', '哒哒哒', 1731746448),
(123, '49770a51d1af4cfbb1178617b6740022', '兜兜有糖、', '小菜鸟', '大佬们中午好', 1731737439),
(124, '49770a51d1af4cfbb1178617b6740022', '財神爺', '小菜鸟', '搞了10次妖王，没出货', 1731810682),
(125, '49770a51d1af4cfbb1178617b6740022', '喂自己袋盐', '小菜鸟', '伤脑筋啊', 1731791081),
(126, '49770a51d1af4cfbb1178617b6740022', '指路明灯', '小菜鸟', '太难了这个', 1731795878),
(127, '49770a51d1af4cfbb1178617b6740022', '国服花木兰', '小菜鸟', '溜了溜了', 1731791274),
(128, '49770a51d1af4cfbb1178617b6740022', '喂自己袋盐', '小菜鸟', '做任务了', 1731759279),
(129, '49770a51d1af4cfbb1178617b6740022', '指路明灯', '小菜鸟', '忙里偷闲', 1731735729),
(130, '49770a51d1af4cfbb1178617b6740022', '童某', '小菜鸟', '准备干饭了', 1731812747),
(131, '49770a51d1af4cfbb1178617b6740022', '落羽', '小菜鸟', '3转大佬怎么都飞起来了？', 1731800212),
(132, '49770a51d1af4cfbb1178617b6740022', '寻洞喽啰', '小菜鸟', '大佬牛逼', 1731794042),
(133, '49770a51d1af4cfbb1178617b6740022', '情非得已', '小菜鸟', '记得雾子这号不是卡3转不动的吗!', 1731802562),
(134, '49770a51d1af4cfbb1178617b6740022', '死猪不怕开水烫', '小菜鸟', '[五飞☆飞龙在天]剑侠客能拿长枪啊', 1731800663),
(135, '49770a51d1af4cfbb1178617b6740022', '请叫我红领巾', '小菜鸟', '转龙太子不就行了', 1731783501),
(136, '49770a51d1af4cfbb1178617b6740022', '南风知我意', '小菜鸟', '转就是了', 1731801552),
(137, '49770a51d1af4cfbb1178617b6740022', '叶落随风', '小菜鸟', '钓鱼也能攒嘛？', 1731733743),
(138, '49770a51d1af4cfbb1178617b6740022', '请叫我红领巾', '小菜鸟', '能攒啊', 1731759546),
(139, '49770a51d1af4cfbb1178617b6740022', '守夜人', '小菜鸟', '攒起来', 1731774073),
(140, '49770a51d1af4cfbb1178617b6740022', '白开水', '小菜鸟', '攒个几万次，春节活动钓鱼吗', 1731784112),
(141, '49770a51d1af4cfbb1178617b6740022', '飛龍在天', '小菜鸟', '春节钓鱼出啥', 1731755594),
(142, '49770a51d1af4cfbb1178617b6740022', '梦回大唐', '小菜鸟', '都钓完了', 1731770688),
(143, '49770a51d1af4cfbb1178617b6740022', '酒醉乘风', '小菜鸟', '春节钓鱼有啥活动', 1731762008),
(144, '49770a51d1af4cfbb1178617b6740022', '金樽清酒斗十千', '小菜鸟', '可惜了', 1731774558),
(145, '49770a51d1af4cfbb1178617b6740022', '倾城繁华尽', '小菜鸟', '钓五福？', 1731796686),
(146, '49770a51d1af4cfbb1178617b6740022', '南风知我意', '小菜鸟', '那有个毛用', 1731816600),
(147, '49770a51d1af4cfbb1178617b6740022', '酒剑仙', '小菜鸟', '是啊', 1731792207),
(148, '49770a51d1af4cfbb1178617b6740022', '童某', '小菜鸟', '没用', 1731801908),
(149, '49770a51d1af4cfbb1178617b6740022', '一粒尘埃', '小菜鸟', '春节那还能钓啥', 1731767853),
(150, '49770a51d1af4cfbb1178617b6740022', '枪出如龙', '小菜鸟', '春节干新区，礼包拉满', 1731775133),
(151, '49770a51d1af4cfbb1178617b6740022', '指路明灯', '小菜鸟', '你就是老大', 1731745893),
(152, '49770a51d1af4cfbb1178617b6740022', '輕染莯琉璃', '小菜鸟', '只有春节钓鱼有活动', 1731786765),
(153, '49770a51d1af4cfbb1178617b6740022', '金樽清酒斗十千', '小菜鸟', '大佬牛逼', 1731746186),
(154, '49770a51d1af4cfbb1178617b6740022', '南城', '小菜鸟', '不用等春节', 1731749199),
(155, '49770a51d1af4cfbb1178617b6740022', '勾栏听曲丶', '小菜鸟', '十一就干', 1731772214),
(156, '49770a51d1af4cfbb1178617b6740022', '暖阳不倾城', '小菜鸟', '十一就干了？', 1731740623),
(157, '49770a51d1af4cfbb1178617b6740022', '財神爺', '小菜鸟', '十一去新区看看吗', 1731752660),
(158, '49770a51d1af4cfbb1178617b6740022', '叶落随风', '小菜鸟', '看时间', 1731737034),
(159, '49770a51d1af4cfbb1178617b6740022', '南风知我意', '小菜鸟', '有老板就去挖一挖', 1731769693),
(160, '49770a51d1af4cfbb1178617b6740022', '小小怪', '小菜鸟', '我还没领过新区的那个排行榜', 1731810302),
(161, '49770a51d1af4cfbb1178617b6740022', '朝朝暮暮', '小菜鸟', '你是指前三？', 1731807486),
(162, '49770a51d1af4cfbb1178617b6740022', '南风知我意', '小菜鸟', '不是', 1731813485),
(163, '49770a51d1af4cfbb1178617b6740022', '情非得已', '小菜鸟', '都没有', 1731747653),
(164, '49770a51d1af4cfbb1178617b6740022', '我要吃火锅', '小菜鸟', '我就没在开新区的时候玩过0.0', 1731747718),
(165, '49770a51d1af4cfbb1178617b6740022', '情非得已', '小菜鸟', '那交易号都能领', 1731788560),
(166, '49770a51d1af4cfbb1178617b6740022', '死猪不怕开水烫', '小菜鸟', '前三才行', 1731780202),
(167, '49770a51d1af4cfbb1178617b6740022', '童某', '小菜鸟', '吃饭了', 1731724971),
(168, '49770a51d1af4cfbb1178617b6740022', '財神爺', '小菜鸟', '前三有点难', 1731796010),
(169, '49770a51d1af4cfbb1178617b6740022', '清风徐来入我梦', '小菜鸟', '好卷啊 今天竟然是0收入', 1731806586),
(170, '49770a51d1af4cfbb1178617b6740022', '🌊洞房花烛夜🌊', '小菜鸟', '主动技能怎么学啊', 1731751904),
(171, '49770a51d1af4cfbb1178617b6740022', '勾栏听曲丶', '小菜鸟', '我就一个小试牛刀', 1731747687),
(172, '49770a51d1af4cfbb1178617b6740022', '朝朝暮暮', '小菜鸟', '基本**作', 1731765795),
(173, '49770a51d1af4cfbb1178617b6740022', '情非得已', '小菜鸟', '主动技能怎么学呀', 1731745503),
(174, '49770a51d1af4cfbb1178617b6740022', '白开水', '小菜鸟', '不是学的', 1731777016),
(175, '49770a51d1af4cfbb1178617b6740022', '胡椒粉', '小菜鸟', '法宝、秘籍上带有技能', 1731727910),
(176, '49770a51d1af4cfbb1178617b6740022', '金樽清酒斗十千', '小菜鸟', '哦哦，谢谢', 1731729881),
(177, '49770a51d1af4cfbb1178617b6740022', '花开富贵', '小菜鸟', '秘籍怎么出呀', 1731798781),
(178, '49770a51d1af4cfbb1178617b6740022', '指路明灯', '小菜鸟', '师门，妖王啥的', 1731744028),
(179, '49770a51d1af4cfbb1178617b6740022', '云中君', '小菜鸟', '谢谢', 1731724419),
(180, '49770a51d1af4cfbb1178617b6740022', '喂自己袋盐', '小菜鸟', '客气', 1731791239),
(181, '49770a51d1af4cfbb1178617b6740022', '酒醉乘风', '小菜鸟', '否定信仰都卖到10金了', 1731760954),
(182, '49770a51d1af4cfbb1178617b6740022', '指路明灯', '小菜鸟', '打卡', 1731799822),
(183, '49770a51d1af4cfbb1178617b6740022', '梦回大唐', '小菜鸟', '滴滴', 1731800043),
(184, '49770a51d1af4cfbb1178617b6740022', '勾栏听曲丶', '小菜鸟', '牛逼', 1731777397),
(185, '49770a51d1af4cfbb1178617b6740022', '一念成魔', '小菜鸟', '牛逼坏了', 1731809448),
(186, '49770a51d1af4cfbb1178617b6740022', '🌊洞房花烛夜🌊', '小菜鸟', '滴滴滴', 1731802967),
(187, '49770a51d1af4cfbb1178617b6740022', '飛龍在天', '小菜鸟', '打卡', 1731802543),
(188, '49770a51d1af4cfbb1178617b6740022', '小小怪', '小菜鸟', '滴滴', 1731784606),
(189, '49770a51d1af4cfbb1178617b6740022', '財神爺', '小菜鸟', '早哦', 1731734318),
(190, '49770a51d1af4cfbb1178617b6740022', '泡泡茶壶', '小菜鸟', '打卡', 1731753678),
(191, '49770a51d1af4cfbb1178617b6740022', '鲸落', '小菜鸟', '打卡', 1731724229),
(192, '49770a51d1af4cfbb1178617b6740022', '重温旧梦', '小菜鸟', '睡觉🐟', 1731737224),
(193, '49770a51d1af4cfbb1178617b6740022', '泡泡茶壶', '小菜鸟', '滴滴滴', 1731742942),
(194, '49770a51d1af4cfbb1178617b6740022', '金樽清酒斗十千', '小菜鸟', '打卡', 1731782619),
(195, '49770a51d1af4cfbb1178617b6740022', '花开富贵', '小菜鸟', '[武学心法]', 1731800902),
(196, '49770a51d1af4cfbb1178617b6740022', '守夜人', '小菜鸟', '这！！！有啥用', 1731741753),
(197, '49770a51d1af4cfbb1178617b6740022', '张三', '小菜鸟', '[普陀山]这又有啥用', 1731783024),
(198, '49770a51d1af4cfbb1178617b6740022', '暖阳不倾城', '小菜鸟', '继续合', 1731743166),
(199, '49770a51d1af4cfbb1178617b6740022', '重温旧梦', '小菜鸟', '有用的', 1731812955),
(200, '49770a51d1af4cfbb1178617b6740022', '玫瑰花语', '小菜鸟', '滴滴滴', 1731800763),
(201, '49770a51d1af4cfbb1178617b6740022', '梦回大唐', '小菜鸟', '中午好', 1731790458),
(202, '49770a51d1af4cfbb1178617b6740022', '勾栏听曲丶', '小菜鸟', '打卡了', 1731735992),
(203, '49770a51d1af4cfbb1178617b6740022', '初雪、', '小菜鸟', '做任务', 1731750590),
(204, '49770a51d1af4cfbb1178617b6740022', '清风徐来入我梦', '小菜鸟', '飞飞飞', 1731809687),
(205, '49770a51d1af4cfbb1178617b6740022', '鲸落', '小菜鸟', '在不在', 1731778633),
(206, '49770a51d1af4cfbb1178617b6740022', '死猪不怕开水烫', '小菜鸟', '牛逼了啊', 1731801025),
(207, '49770a51d1af4cfbb1178617b6740022', '玫瑰花语', '小菜鸟', '牛逼坏', 1731801121),
(208, '49770a51d1af4cfbb1178617b6740022', '请叫我红领巾', '小菜鸟', '00', 1731789046),
(209, '49770a51d1af4cfbb1178617b6740022', '寻洞喽啰', '小菜鸟', '高攻', 1731742729),
(210, '49770a51d1af4cfbb1178617b6740022', '寻洞喽啰', '小菜鸟', '你几个人', 1731739820),
(211, '49770a51d1af4cfbb1178617b6740022', '玫瑰花语', '小菜鸟', '在哪里', 1731809173),
(212, '49770a51d1af4cfbb1178617b6740022', '飛龍在天', '小菜鸟', '高攻高防高仿出个吧啊啊啊', 1731806120),
(213, '49770a51d1af4cfbb1178617b6740022', '一只小螃蟹', '小菜鸟', '以后再说', 1731756330),
(214, '49770a51d1af4cfbb1178617b6740022', '我要吃火锅', '小菜鸟', '下午上班了', 1731781319),
(215, '49770a51d1af4cfbb1178617b6740022', '指路明灯', '小菜鸟', '又可以水一会儿了', 1731750367),
(216, '49770a51d1af4cfbb1178617b6740022', '落叶随风而去', '小菜鸟', '上班可以水啊', 1731813446),
(217, '49770a51d1af4cfbb1178617b6740022', '南风知我意', '小菜鸟', '不错', 1731788396),
(218, '49770a51d1af4cfbb1178617b6740022', '初雪、', '小菜鸟', '滴滴滴', 1731775725),
(219, '49770a51d1af4cfbb1178617b6740022', '金樽清酒斗十千', '小菜鸟', '打卡', 1731745666),
(220, '49770a51d1af4cfbb1178617b6740022', '輕染莯琉璃', '小菜鸟', '做任务', 1731776706),
(221, '49770a51d1af4cfbb1178617b6740022', '牧童大将军', '小菜鸟', '一上班就开会，正好上来水聊天', 1731766154),
(222, '49770a51d1af4cfbb1178617b6740022', '重温旧梦', '小菜鸟', '为啥上班水', 1731794892),
(223, '49770a51d1af4cfbb1178617b6740022', '清风徐来入我梦', '小菜鸟', '不管你玩手机吗', 1731727094),
(224, '49770a51d1af4cfbb1178617b6740022', '🌊洞房花烛夜🌊', '小菜鸟', '幸好这个游戏是竖屏的', 1731781692),
(225, '49770a51d1af4cfbb1178617b6740022', '落羽', '小菜鸟', '上班就摸鱼', 1731753944),
(226, '49770a51d1af4cfbb1178617b6740022', '鲸落', '小菜鸟', '哈哈哈 这个是意外的福利吗', 1731733141),
(227, '49770a51d1af4cfbb1178617b6740022', '小小怪', '小菜鸟', '在线会议', 1731745865),
(228, '49770a51d1af4cfbb1178617b6740022', '那一抹忧伤', '小菜鸟', '没意思', 1731798963),
(229, '49770a51d1af4cfbb1178617b6740022', '牧童大将军', '小菜鸟', '没有意义活着', 1731809335),
(230, '49770a51d1af4cfbb1178617b6740022', '断舍离', '小菜鸟', '啥？', 1731739829),
(231, '49770a51d1af4cfbb1178617b6740022', '落羽', '小菜鸟', '活着没有意义', 1731791258),
(232, '49770a51d1af4cfbb1178617b6740022', '一念成魔', '小菜鸟', '那就晚上去洗脚', 1731745685),
(233, '49770a51d1af4cfbb1178617b6740022', '死猪不怕开水烫', '小菜鸟', '这是最惨的 洗脚的地方都没有 呜呜呜', 1731816027),
(234, '49770a51d1af4cfbb1178617b6740022', '请叫我红领巾', '小菜鸟', '找呀！', 1731774254),
(235, '49770a51d1af4cfbb1178617b6740022', '泡泡茶壶', '小菜鸟', '是真没有啊！不是不找！', 1731762637),
(236, '49770a51d1af4cfbb1178617b6740022', '那一抹忧伤', '小菜鸟', '来广东，有的是', 1731816842),
(237, '49770a51d1af4cfbb1178617b6740022', '🌊洞房花烛夜🌊', '小菜鸟', '我倒是想钉这儿了目前', 1731778090),
(238, '49770a51d1af4cfbb1178617b6740022', '🌊洞房花烛夜🌊', '小菜鸟', '你洗完脚快乐吗', 1731754672),
(239, '49770a51d1af4cfbb1178617b6740022', '梦回大唐', '小菜鸟', '不快乐的时候才去', 1731808066),
(240, '49770a51d1af4cfbb1178617b6740022', '酒醉乘风', '小菜鸟', '钓鱼', 1731762578),
(241, '49770a51d1af4cfbb1178617b6740022', '死猪不怕开水烫', '小菜鸟', '珍珠快来', 1731792068),
(242, '49770a51d1af4cfbb1178617b6740022', '指路明灯', '小菜鸟', '升华快来', 1731776171),
(243, '49770a51d1af4cfbb1178617b6740022', '꧁༺云霄༻꧂', '小菜鸟', '下午开的', 1731810793),
(244, '49770a51d1af4cfbb1178617b6740022', '一粒尘埃', '小菜鸟', '怎么发言才23', 1731764947),
(245, '49770a51d1af4cfbb1178617b6740022', '虎头虎脑', '小菜鸟', '次', 1731792232),
(246, '49770a51d1af4cfbb1178617b6740022', '玫瑰花语', '小菜鸟', '23次不少了', 1731797114),
(247, '49770a51d1af4cfbb1178617b6740022', '指路明灯', '小菜鸟', '今天才周三', 1731769669),
(248, '49770a51d1af4cfbb1178617b6740022', '酒醉乘风', '小菜鸟', '还早', 1731815620),
(249, '49770a51d1af4cfbb1178617b6740022', '花开富贵', '小菜鸟', '哈哈', 1731789984),
(250, '49770a51d1af4cfbb1178617b6740022', '死猪不怕开水烫', '小菜鸟', '没事没事', 1731740574),
(251, '49770a51d1af4cfbb1178617b6740022', '泡泡茶壶', '小菜鸟', '来得及', 1731781137),
(252, '49770a51d1af4cfbb1178617b6740022', '断舍离', '小菜鸟', '我反正', 1731816377),
(253, '49770a51d1af4cfbb1178617b6740022', '落羽', '小菜鸟', '每天刷一刷', 1731800972),
(254, '49770a51d1af4cfbb1178617b6740022', '指路明灯', '小菜鸟', '哎', 1731725909),
(255, '49770a51d1af4cfbb1178617b6740022', '寻洞喽啰', '小菜鸟', '注册噶', 1731788976),
(256, '49770a51d1af4cfbb1178617b6740022', '我要吃火锅', '小菜鸟', '这才是怪事', 1731816248),
(257, '49770a51d1af4cfbb1178617b6740022', '胡椒粉', '小菜鸟', '修炼主要点啥', 1731772886),
(258, '49770a51d1af4cfbb1178617b6740022', '玫瑰花语', '小菜鸟', '看看群里有没有', 1731736073),
(259, '49770a51d1af4cfbb1178617b6740022', '一粒尘埃', '小菜鸟', '看起来', 1731723311),
(260, '49770a51d1af4cfbb1178617b6740022', '那一抹忧伤', '小菜鸟', '不错', 1731763180),
(261, '49770a51d1af4cfbb1178617b6740022', '飛龍在天', '小菜鸟', '打卡', 1731793245),
(262, '49770a51d1af4cfbb1178617b6740022', '朝朝暮暮', '小菜鸟', '发言8次', 1731738736),
(263, '49770a51d1af4cfbb1178617b6740022', '清风徐来入我梦', '小菜鸟', '滴滴俩下', 1731802679),
(264, '49770a51d1af4cfbb1178617b6740022', '酒醉乘风', '小菜鸟', '慈善家', 1731783900),
(265, '49770a51d1af4cfbb1178617b6740022', '南风知我意', '小菜鸟', '滴滴滴', 1731769634),
(266, '49770a51d1af4cfbb1178617b6740022', '落叶随风而去', '小菜鸟', '那还不是可以', 1731813509),
(267, '49770a51d1af4cfbb1178617b6740022', '一粒尘埃', '小菜鸟', '老阳光城', 1731822040),
(268, '49770a51d1af4cfbb1178617b6740022', '輕染莯琉璃', '小菜鸟', '美年达', 1731813402),
(269, '49770a51d1af4cfbb1178617b6740022', '寻洞喽啰', '小菜鸟', '另外一个人呢', 1731734947),
(270, '49770a51d1af4cfbb1178617b6740022', '梦回大唐', '小菜鸟', '交警叔叔阿姨们大家晚上好', 1731793746),
(271, '49770a51d1af4cfbb1178617b6740022', '花开富贵', '小菜鸟', '刷刷刷', 1731795624),
(272, '49770a51d1af4cfbb1178617b6740022', '枪出如龙', '小菜鸟', '将计就计', 1731775044),
(273, '49770a51d1af4cfbb1178617b6740022', '花开富贵', '小菜鸟', '泡泡脚舒服', 1731737087),
(274, '49770a51d1af4cfbb1178617b6740022', '花开富贵', '小菜鸟', '氯沙坦钾', 1731809431),
(275, '49770a51d1af4cfbb1178617b6740022', '兜兜有糖、', '小菜鸟', '打卡2', 1731766393),
(276, '49770a51d1af4cfbb1178617b6740022', '童某', '小菜鸟', '守财奴', 1731763719),
(277, '49770a51d1af4cfbb1178617b6740022', '暖阳不倾城', '小菜鸟', '笑眯眯', 1731726420),
(278, '49770a51d1af4cfbb1178617b6740022', '胡椒粉', '小菜鸟', '笑眯眯不是好东西', 1731817528),
(279, '49770a51d1af4cfbb1178617b6740022', '暖阳不倾城', '小菜鸟', '我偏偏不走', 1731733611),
(280, '49770a51d1af4cfbb1178617b6740022', '小小怪', '小菜鸟', '现在不知道是什么时候', 1731807907),
(281, '49770a51d1af4cfbb1178617b6740022', '財神爺', '小菜鸟', '我也没有事，也不急', 1731754921),
(282, '49770a51d1af4cfbb1178617b6740022', '南风知我意', '小菜鸟', '当是话说到这里', 1731727988),
(283, '49770a51d1af4cfbb1178617b6740022', '小小怪', '小菜鸟', '你们不走，我走', 1731786662),
(284, '49770a51d1af4cfbb1178617b6740022', '死猪不怕开水烫', '小菜鸟', '江南', 1731781625),
(285, '49770a51d1af4cfbb1178617b6740022', '輕染莯琉璃', '小菜鸟', '是个很好的地方', 1731748561),
(286, '49770a51d1af4cfbb1178617b6740022', '金樽清酒斗十千', '小菜鸟', '麦迪娜', 1731777233),
(287, '49770a51d1af4cfbb1178617b6740022', '落羽', '小菜鸟', '你打', 1731766750),
(288, '49770a51d1af4cfbb1178617b6740022', '輕染莯琉璃', '小菜鸟', '嗨嗨嗨', 1731804378),
(289, '49770a51d1af4cfbb1178617b6740022', '一只小螃蟹', '小菜鸟', '找她', 1731808862),
(290, '49770a51d1af4cfbb1178617b6740022', '初雪、', '小菜鸟', '打他？', 1731766465),
(291, '49770a51d1af4cfbb1178617b6740022', '꧁༺云霄༻꧂', '小菜鸟', '好困', 1731808467),
(292, '49770a51d1af4cfbb1178617b6740022', '兜兜有糖、', '小菜鸟', '好累', 1731806182),
(293, '49770a51d1af4cfbb1178617b6740022', '南风知我意', '小菜鸟', '猪八戒诛九界', 1731740902),
(294, '49770a51d1af4cfbb1178617b6740022', '飛龍在天', '小菜鸟', '钓鱼五百次，没一颗珍珠', 1731769580),
(295, '49770a51d1af4cfbb1178617b6740022', '清风徐来入我梦', '小菜鸟', '大家下午好', 1731740479),
(296, '49770a51d1af4cfbb1178617b6740022', '情非得已', '小菜鸟', '厉害厉害', 1731745585),
(297, '49770a51d1af4cfbb1178617b6740022', '一只小螃蟹', '小菜鸟', '不错了', 1731793205),
(298, '49770a51d1af4cfbb1178617b6740022', '兜兜有糖、', '小菜鸟', '不知道说点什么', 1731724695),
(299, '49770a51d1af4cfbb1178617b6740022', '酒醉乘风', '小菜鸟', '给大家拜个早年吧', 1731748708),
(300, '49770a51d1af4cfbb1178617b6740022', '倾城繁华尽', '小菜鸟', '签到三个月加不知道多少的鱼竿', 1731751289),
(301, '49770a51d1af4cfbb1178617b6740022', '牧童大将军', '小菜鸟', '一共就出了十个', 1731730028),
(302, '49770a51d1af4cfbb1178617b6740022', '鲸落', '小菜鸟', '干干干', 1731754494),
(303, '49770a51d1af4cfbb1178617b6740022', '一粒尘埃', '小菜鸟', '交易', 1731726345),
(304, '49770a51d1af4cfbb1178617b6740022', '暖阳不倾城', '小菜鸟', '交易记录', 1731812616),
(305, '49770a51d1af4cfbb1178617b6740022', '落叶随风而去', '小菜鸟', '等等我的人', 1731738474),
(306, '49770a51d1af4cfbb1178617b6740022', '白开水', '小菜鸟', '滴滴滴', 1731813599),
(307, '49770a51d1af4cfbb1178617b6740022', '玫瑰花语', '小菜鸟', '下午好', 1731752962),
(308, '49770a51d1af4cfbb1178617b6740022', '落羽', '小菜鸟', '打卡', 1731770477),
(309, '49770a51d1af4cfbb1178617b6740022', '童某', '小菜鸟', '打卡', 1731801690),
(310, '49770a51d1af4cfbb1178617b6740022', '虎头虎脑', '小菜鸟', 'd签到', 1731736090),
(311, '49770a51d1af4cfbb1178617b6740022', '金樽清酒斗十千', '小菜鸟', '游泳池', 1731759669),
(312, '49770a51d1af4cfbb1178617b6740022', '指路明灯', '小菜鸟', '滴滴滴滴滴滴哒', 1731758879),
(313, '49770a51d1af4cfbb1178617b6740022', '那一抹忧伤', '小菜鸟', '做任务', 1731745075),
(314, '49770a51d1af4cfbb1178617b6740022', '酒剑仙', '小菜鸟', '千岛湖旅游', 1731753060),
(315, '49770a51d1af4cfbb1178617b6740022', '情非得已', '小菜鸟', '跑跑步啥的', 1731748940),
(316, '49770a51d1af4cfbb1178617b6740022', '国服花木兰', '小菜鸟', '水', 1731817203),
(317, '49770a51d1af4cfbb1178617b6740022', '小小怪', '小菜鸟', '也要用', 1731784975),
(318, '49770a51d1af4cfbb1178617b6740022', '輕染莯琉璃', '小菜鸟', '911', 1731768758),
(319, '49770a51d1af4cfbb1178617b6740022', '虎头虎脑', '小菜鸟', '市府广场附近', 1731746196),
(320, '49770a51d1af4cfbb1178617b6740022', '輕染莯琉璃', '小菜鸟', '珍珠港', 1731735576),
(321, '49770a51d1af4cfbb1178617b6740022', '一只小螃蟹', '小菜鸟', '918', 1731778818),
(322, '49770a51d1af4cfbb1178617b6740022', '玫瑰花语', '小菜鸟', '拍拍看👀看', 1731724392),
(323, '49770a51d1af4cfbb1178617b6740022', '玫瑰花语', '小菜鸟', '一句歌词', 1731765608),
(324, '49770a51d1af4cfbb1178617b6740022', '我要吃火锅', '小菜鸟', '滴滴嗒嘀嗒', 1731809630),
(325, '49770a51d1af4cfbb1178617b6740022', '玫瑰花语', '小菜鸟', '女鬼剑', 1731791883),
(326, '49770a51d1af4cfbb1178617b6740022', '倾城繁华尽', '小菜鸟', '打蛋机', 1731741068),
(327, '49770a51d1af4cfbb1178617b6740022', '指路明灯', '小菜鸟', '滴滴', 1731774845),
(328, '49770a51d1af4cfbb1178617b6740022', '玫瑰花语', '小菜鸟', '呃', 1731766784),
(329, '49770a51d1af4cfbb1178617b6740022', '喂自己袋盐', '小菜鸟', '炮机', 1731759150),
(330, '49770a51d1af4cfbb1178617b6740022', '꧁༺云霄༻꧂', '小菜鸟', '你是那个那个那个那个', 1731817621),
(331, '49770a51d1af4cfbb1178617b6740022', '守夜人', '小菜鸟', '打蛋机什么鬼', 1731742591),
(332, '49770a51d1af4cfbb1178617b6740022', '我要吃火锅', '小菜鸟', 'bvc', 1731783880),
(333, '49770a51d1af4cfbb1178617b6740022', '叶落随风', '小菜鸟', '阳光彩虹小白马', 1731730684),
(334, '49770a51d1af4cfbb1178617b6740022', '玫瑰花语', '小菜鸟', '看看有没有', 1731765240),
(335, '49770a51d1af4cfbb1178617b6740022', '🌊洞房花烛夜🌊', '小菜鸟', '萤火虫之墓', 1731748665),
(336, '49770a51d1af4cfbb1178617b6740022', '南风知我意', '小菜鸟', '滚动的天空', 1731745625),
(337, '49770a51d1af4cfbb1178617b6740022', '指路明灯', '小菜鸟', '喝水', 1731745968),
(338, '49770a51d1af4cfbb1178617b6740022', '酒醉乘风', '小菜鸟', '滴滴滴哒哒哒', 1731788824),
(339, '49770a51d1af4cfbb1178617b6740022', '小小怪', '小菜鸟', '跑步', 1731729457),
(340, '49770a51d1af4cfbb1178617b6740022', '花开富贵', '小菜鸟', '哪', 1731794734),
(341, '49770a51d1af4cfbb1178617b6740022', '金樽清酒斗十千', '小菜鸟', '好女性', 1731786404),
(342, '49770a51d1af4cfbb1178617b6740022', '兜兜有糖、', '小菜鸟', '空间互访', 1731774904),
(343, '49770a51d1af4cfbb1178617b6740022', '枪出如龙', '小菜鸟', '跑步机。', 1731821104),
(344, '49770a51d1af4cfbb1178617b6740022', '南城', '小菜鸟', '啦啦啦', 1731798003),
(345, '49770a51d1af4cfbb1178617b6740022', '玫瑰花语', '小菜鸟', '哈哈vv', 1731805870),
(346, '49770a51d1af4cfbb1178617b6740022', '一只小螃蟹', '小菜鸟', '空腹喝酒', 1731817746),
(347, '49770a51d1af4cfbb1178617b6740022', '酒剑仙', '小菜鸟', '空港', 1731749504),
(348, '49770a51d1af4cfbb1178617b6740022', '落羽', '小菜鸟', '黄宇军', 1731797785),
(349, '49770a51d1af4cfbb1178617b6740022', '寻洞喽啰', '小菜鸟', '不好', 1731736805),
(350, '49770a51d1af4cfbb1178617b6740022', '我要吃火锅', '小菜鸟', '荷兰风车', 1731808892),
(351, '49770a51d1af4cfbb1178617b6740022', '初雪、', '小菜鸟', '喝酒开车', 1731799708),
(352, '49770a51d1af4cfbb1178617b6740022', '指路明灯', '小菜鸟', '偶尔一次机会', 1731735400),
(353, '49770a51d1af4cfbb1178617b6740022', '情非得已', '小菜鸟', '现在几点钟', 1731813702),
(354, '49770a51d1af4cfbb1178617b6740022', '初雪、', '小菜鸟', '水完结束', 1731730948),
(355, '49770a51d1af4cfbb1178617b6740022', '勾栏听曲丶', '小菜鸟', '中午搞了一份不干净的猪脚饭', 1731777645),
(356, '49770a51d1af4cfbb1178617b6740022', '国服花木兰', '小菜鸟', '是不是下班了', 1731821999),
(357, '49770a51d1af4cfbb1178617b6740022', '泡泡茶壶', '小菜鸟', '溜了溜了', 1731747215),
(358, '49770a51d1af4cfbb1178617b6740022', '我要吃火锅', '小菜鸟', '水', 1731733794),
(359, '49770a51d1af4cfbb1178617b6740022', '花开富贵', '小菜鸟', '有没有搞错', 1731754352),
(360, '49770a51d1af4cfbb1178617b6740022', '死猪不怕开水烫', '小菜鸟', '拉了2个小时', 1731793215),
(361, '49770a51d1af4cfbb1178617b6740022', '一念成魔', '小菜鸟', '肯定没有', 1731820262),
(362, '49770a51d1af4cfbb1178617b6740022', '喂自己袋盐', '小菜鸟', '都不错了', 1731730706),
(363, '49770a51d1af4cfbb1178617b6740022', '国服花木兰', '小菜鸟', '绝对不是我', 1731757014),
(364, '49770a51d1af4cfbb1178617b6740022', '虎头虎脑', '小菜鸟', '滴滴', 1731816694),
(365, '49770a51d1af4cfbb1178617b6740022', '酒醉乘风', '小菜鸟', '菊花茶可以', 1731762567),
(366, '49770a51d1af4cfbb1178617b6740022', '叶落随风', '小菜鸟', '猪手饭', 1731733006),
(367, '49770a51d1af4cfbb1178617b6740022', '虎头虎脑', '小菜鸟', '多穿点', 1731742119),
(368, '49770a51d1af4cfbb1178617b6740022', '清风徐来入我梦', '小菜鸟', '比方说', 1731726123),
(369, '49770a51d1af4cfbb1178617b6740022', '请叫我红领巾', '小菜鸟', '肩胛骨那里有点痛', 1731792016),
(370, '49770a51d1af4cfbb1178617b6740022', '初雪、', '小菜鸟', '开局一分钟', 1731744896),
(371, '49770a51d1af4cfbb1178617b6740022', '花开富贵', '小菜鸟', '任务还没有做完', 1731753890),
(372, '49770a51d1af4cfbb1178617b6740022', '花开富贵', '小菜鸟', '聚餐费多少', 1731731911),
(373, '49770a51d1af4cfbb1178617b6740022', '一只小螃蟹', '小菜鸟', '可是', 1731790013),
(374, '49770a51d1af4cfbb1178617b6740022', '云中君', '小菜鸟', '我怕', 1731765022),
(375, '49770a51d1af4cfbb1178617b6740022', '清风徐来入我梦', '小菜鸟', '收高图', 1731735924),
(376, '49770a51d1af4cfbb1178617b6740022', '初雪、', '小菜鸟', '各位好', 1731806950),
(377, '49770a51d1af4cfbb1178617b6740022', '张三', '小菜鸟', '收玲珑有没有', 1731803696),
(378, '49770a51d1af4cfbb1178617b6740022', '国服花木兰', '小菜鸟', '没有', 1731788114),
(379, '49770a51d1af4cfbb1178617b6740022', '那一抹忧伤', '小菜鸟', '没有我撤了', 1731725559),
(380, '49770a51d1af4cfbb1178617b6740022', '泡泡茶壶', '小菜鸟', '你可以充值啊', 1731766157),
(381, '49770a51d1af4cfbb1178617b6740022', '情非得已', '小菜鸟', '我有高宝', 1731740460),
(382, '49770a51d1af4cfbb1178617b6740022', '请叫我红领巾', '小菜鸟', '拿礼包', 1731768678),
(383, '49770a51d1af4cfbb1178617b6740022', '请叫我红领巾', '小菜鸟', '充值', 1731819015),
(384, '49770a51d1af4cfbb1178617b6740022', '🌊洞房花烛夜🌊', '小菜鸟', '充钱', 1731750536),
(385, '49770a51d1af4cfbb1178617b6740022', '国服花木兰', '小菜鸟', '我要自己开财神出来', 1731739621),
(386, '49770a51d1af4cfbb1178617b6740022', '兜兜有糖、', '小菜鸟', '好吧', 1731799245),
(387, '49770a51d1af4cfbb1178617b6740022', '落叶随风而去', '小菜鸟', '是不是', 1731750716),
(388, '49770a51d1af4cfbb1178617b6740022', '勾栏听曲丶', '小菜鸟', '对不对', 1731790510),
(389, '49770a51d1af4cfbb1178617b6740022', '重温旧梦', '小菜鸟', '对很有道理', 1731772407),
(390, '49770a51d1af4cfbb1178617b6740022', '金樽清酒斗十千', '小菜鸟', '收到', 1731768109),
(391, '49770a51d1af4cfbb1178617b6740022', '落羽', '小菜鸟', '我没有', 1731782431),
(392, '49770a51d1af4cfbb1178617b6740022', '輕染莯琉璃', '小菜鸟', '想都不敢想', 1731759078),
(393, '49770a51d1af4cfbb1178617b6740022', '落叶随风而去', '小菜鸟', '没有钱', 1731734625),
(394, '49770a51d1af4cfbb1178617b6740022', '鲸落', '小菜鸟', '[九黎战鼓]', 1731795726),
(395, '49770a51d1af4cfbb1178617b6740022', '虎头虎脑', '小菜鸟', '厉害厉害', 1731747023),
(396, '49770a51d1af4cfbb1178617b6740022', '国服花木兰', '小菜鸟', '有没有要的', 1731733077),
(397, '49770a51d1af4cfbb1178617b6740022', '清风徐来入我梦', '小菜鸟', '极品', 1731756413),
(398, '49770a51d1af4cfbb1178617b6740022', '鲸落', '小菜鸟', '带不上', 1731805134),
(399, '49770a51d1af4cfbb1178617b6740022', '枪出如龙', '小菜鸟', '不是极品', 1731737556),
(400, '49770a51d1af4cfbb1178617b6740022', '张三', '小菜鸟', '中等货', 1731760440),
(401, '49770a51d1af4cfbb1178617b6740022', '落羽', '小菜鸟', '他是英雄', 1731760423),
(402, '49770a51d1af4cfbb1178617b6740022', '兜兜有糖、', '小菜鸟', '我是**熊', 1731759745),
(403, '49770a51d1af4cfbb1178617b6740022', '兜兜有糖、', '小菜鸟', '菊花白', 1731775421),
(404, '49770a51d1af4cfbb1178617b6740022', '白开水', '小菜鸟', '[二级天书] 我草了', 1731782767),
(405, '49770a51d1af4cfbb1178617b6740022', '童某', '小菜鸟', '草了？', 1731753588),
(406, '49770a51d1af4cfbb1178617b6740022', '国服花木兰', '小菜鸟', '机会还有', 1731801813),
(407, '49770a51d1af4cfbb1178617b6740022', '金樽清酒斗十千', '小菜鸟', '草了？', 1731730849),
(408, '49770a51d1af4cfbb1178617b6740022', '国服花木兰', '小菜鸟', '草妖王？', 1731785901),
(409, '49770a51d1af4cfbb1178617b6740022', '暖阳不倾城', '小菜鸟', '你们玩多久了', 1731738306),
(410, '49770a51d1af4cfbb1178617b6740022', '白开水', '小菜鸟', '刚刚好一年', 1731746591),
(411, '49770a51d1af4cfbb1178617b6740022', '寻洞喽啰', '小菜鸟', '我也是', 1731805822),
(412, '49770a51d1af4cfbb1178617b6740022', '一粒尘埃', '小菜鸟', '也是一年', 1731746395),
(413, '49770a51d1af4cfbb1178617b6740022', '落羽', '小菜鸟', '养老游戏？', 1731776445),
(414, '49770a51d1af4cfbb1178617b6740022', '酒醉乘风', '小菜鸟', '我刚玩2天', 1731730911),
(415, '49770a51d1af4cfbb1178617b6740022', '飛龍在天', '小菜鸟', '随便你养什么', 1731722893),
(416, '49770a51d1af4cfbb1178617b6740022', '花开富贵', '小菜鸟', '养鱼也可以', 1731808847),
(417, '49770a51d1af4cfbb1178617b6740022', '叶落随风', '小菜鸟', '哈哈666', 1731733990),
(418, '49770a51d1af4cfbb1178617b6740022', '꧁༺云霄༻꧂', '小菜鸟', '滴滴', 1731780405),
(419, '49770a51d1af4cfbb1178617b6740022', '初雪、', '小菜鸟', '打卡', 1731793774),
(420, '49770a51d1af4cfbb1178617b6740022', '请叫我红领巾', '小菜鸟', '我也是', 1731768071),
(421, '49770a51d1af4cfbb1178617b6740022', '小小怪', '小菜鸟', '#R出九转逆鳞攻击套，三件10，两件9，一件8！！q1352106330，v52106330', 1731775474),
(422, '49770a51d1af4cfbb1178617b6740022', '梦回大唐', '小菜鸟', '[缚神绫]20金紫色', 1731746995),
(423, '49770a51d1af4cfbb1178617b6740022', '情非得已', '小菜鸟', '水一下', 1731768834),
(424, '49770a51d1af4cfbb1178617b6740022', '死猪不怕开水烫', '小菜鸟', '还差42', 1731740863),
(425, '49770a51d1af4cfbb1178617b6740022', '勾栏听曲丶', '小菜鸟', '20金摆个巡游天神', 1731765511),
(426, '49770a51d1af4cfbb1178617b6740022', '花开富贵', '小菜鸟', '💦', 1731777568),
(427, '49770a51d1af4cfbb1178617b6740022', '酒醉乘风', '小菜鸟', '下班', 1731792718),
(428, '49770a51d1af4cfbb1178617b6740022', '一粒尘埃', '小菜鸟', '落班', 1731794883),
(429, '49770a51d1af4cfbb1178617b6740022', '梦回大唐', '小菜鸟', '@情剑难断相思 我登上了', 1731769813),
(430, '49770a51d1af4cfbb1178617b6740022', '玫瑰花语', '小菜鸟', '晚上签到做任务', 1731805905),
(431, '49770a51d1af4cfbb1178617b6740022', '南城', '小菜鸟', '求佛求高级锋利', 1731812357),
(432, '49770a51d1af4cfbb1178617b6740022', '喂自己袋盐', '小菜鸟', '失败', 1731756740),
(433, '49770a51d1af4cfbb1178617b6740022', '勾栏听曲丶', '小菜鸟', '签到滴滴', 1731730002),
(434, '49770a51d1af4cfbb1178617b6740022', '云中君', '小菜鸟', '啥时候能凑够50次，有点慢呀', 1731812937),
(435, '49770a51d1af4cfbb1178617b6740022', '枪出如龙', '小菜鸟', '啊我出升华石了？', 1731801446),
(436, '49770a51d1af4cfbb1178617b6740022', '金樽清酒斗十千', '小菜鸟', '难怪不出好东西', 1731747836),
(437, '49770a51d1af4cfbb1178617b6740022', '梦回大唐', '小菜鸟', '滴滴', 1731815347),
(438, '49770a51d1af4cfbb1178617b6740022', '枪出如龙', '小菜鸟', '迷你梦幻真好玩', 1731775337),
(439, '49770a51d1af4cfbb1178617b6740022', '金樽清酒斗十千', '小菜鸟', '掩护一下', 1731780277),
(440, '49770a51d1af4cfbb1178617b6740022', '童某', '小菜鸟', '有多好', 1731794858),
(441, '49770a51d1af4cfbb1178617b6740022', '情非得已', '小菜鸟', '245金的升华居然没人买', 1731730219),
(442, '49770a51d1af4cfbb1178617b6740022', '倾城繁华尽', '小菜鸟', '哈哈', 1731819203),
(443, '49770a51d1af4cfbb1178617b6740022', '玫瑰花语', '小菜鸟', '都在等中秋', 1731821366),
(444, '49770a51d1af4cfbb1178617b6740022', '落叶随风而去', '小菜鸟', '国庆活动', 1731732051),
(445, '49770a51d1af4cfbb1178617b6740022', '落叶随风而去', '小菜鸟', '有需求就有人买了', 1731778633),
(446, '49770a51d1af4cfbb1178617b6740022', '胡椒粉', '小菜鸟', '9494', 1731814265),
(447, '49770a51d1af4cfbb1178617b6740022', '我要吃火锅', '小菜鸟', '好好好', 1731739879),
(448, '49770a51d1af4cfbb1178617b6740022', '玫瑰花语', '小菜鸟', '看G有可能忘记中秋了', 1731754441),
(449, '49770a51d1af4cfbb1178617b6740022', '初雪、', '小菜鸟', '呃呃呃呃呃呃呃呃', 1731756685),
(450, '49770a51d1af4cfbb1178617b6740022', '喂自己袋盐', '小菜鸟', '滴滴滴', 1731784561),
(451, '49770a51d1af4cfbb1178617b6740022', '落羽', '小菜鸟', '打卡', 1731773180),
(452, '49770a51d1af4cfbb1178617b6740022', '꧁༺云霄༻꧂', '小菜鸟', '爽了爽', 1731795201),
(453, '49770a51d1af4cfbb1178617b6740022', '輕染莯琉璃', '小菜鸟', '@永恒佐助', 1731759969),
(454, '49770a51d1af4cfbb1178617b6740022', '金樽清酒斗十千', '小菜鸟', '你知道我是谁吗', 1731773932),
(455, '49770a51d1af4cfbb1178617b6740022', '张三', '小菜鸟', '谁？', 1731756095),
(456, '49770a51d1af4cfbb1178617b6740022', '落羽', '小菜鸟', '骨灰盒', 1731786161),
(457, '49770a51d1af4cfbb1178617b6740022', '一只小螃蟹', '小菜鸟', '你这名字不对呀', 1731756289),
(458, '49770a51d1af4cfbb1178617b6740022', '断舍离', '小菜鸟', '这个号大佬送的', 1731788964),
(459, '49770a51d1af4cfbb1178617b6740022', '酒醉乘风', '小菜鸟', '登上了？', 1731797600),
(460, '49770a51d1af4cfbb1178617b6740022', '勾栏听曲丶', '小菜鸟', '是哈', 1731818159),
(461, '49770a51d1af4cfbb1178617b6740022', '暖阳不倾城', '小菜鸟', '不知道为啥今天就能登了', 1731783995),
(462, '49770a51d1af4cfbb1178617b6740022', '虎头虎脑', '小菜鸟', '累充460', 1731748163),
(463, '49770a51d1af4cfbb1178617b6740022', '兜兜有糖、', '小菜鸟', 'e', 1731760646),
(464, '49770a51d1af4cfbb1178617b6740022', '云中君', '小菜鸟', '😋', 1731747587),
(465, '49770a51d1af4cfbb1178617b6740022', '一念成魔', '小菜鸟', '滴滴滴', 1731793229),
(466, '49770a51d1af4cfbb1178617b6740022', '小小怪', '小菜鸟', '打卡', 1731794169),
(467, '49770a51d1af4cfbb1178617b6740022', '云中君', '小菜鸟', '那你玩这号，把你大号这我', 1731739688),
(468, '49770a51d1af4cfbb1178617b6740022', '勾栏听曲丶', '小菜鸟', '不要', 1731796858),
(469, '49770a51d1af4cfbb1178617b6740022', '请叫我红领巾', '小菜鸟', '为啥', 1731751182),
(470, '49770a51d1af4cfbb1178617b6740022', '死猪不怕开水烫', '小菜鸟', '给你骨灰盒大帝2要不要', 1731775715),
(471, '49770a51d1af4cfbb1178617b6740022', '兜兜有糖、', '小菜鸟', '（憋笑）', 1731820247),
(472, '49770a51d1af4cfbb1178617b6740022', '叶落随风', '小菜鸟', '那是我自己的号，我总要给自己安全感和成就', 1731769952),
(473, '49770a51d1af4cfbb1178617b6740022', '泡泡茶壶', '小菜鸟', '😋', 1731783125),
(474, '49770a51d1af4cfbb1178617b6740022', '虎头虎脑', '小菜鸟', '@升龙成华', 1731777829),
(475, '49770a51d1af4cfbb1178617b6740022', '玫瑰花语', '小菜鸟', '理由多', 1731791452),
(476, '49770a51d1af4cfbb1178617b6740022', '泡泡茶壶', '小菜鸟', '话说你要那么多号干嘛', 1731749339),
(477, '49770a51d1af4cfbb1178617b6740022', '輕染莯琉璃', '小菜鸟', '号感觉太少', 1731818551),
(478, '49770a51d1af4cfbb1178617b6740022', '童某', '小菜鸟', '@升龙成华 👀那就多开几个', 1731772409),
(479, '49770a51d1af4cfbb1178617b6740022', '玫瑰花语', '小菜鸟', '别老想着要我的👀', 1731765989),
(480, '49770a51d1af4cfbb1178617b6740022', '一念成魔', '小菜鸟', '过年见到我哥给你', 1731757723),
(481, '49770a51d1af4cfbb1178617b6740022', '飛龍在天', '小菜鸟', '无语', 1731756194),
(482, '49770a51d1af4cfbb1178617b6740022', '勾栏听曲丶', '小菜鸟', '你无语啥', 1731776848),
(483, '49770a51d1af4cfbb1178617b6740022', '꧁༺云霄༻꧂', '小菜鸟', '滴滴滴', 1731742290),
(484, '49770a51d1af4cfbb1178617b6740022', '情非得已', '小菜鸟', '打卡', 1731756971),
(485, '49770a51d1af4cfbb1178617b6740022', '我要吃火锅', '小菜鸟', '过年我不玩', 1731753002),
(486, '49770a51d1af4cfbb1178617b6740022', '断舍离', '小菜鸟', '为什么', 1731745773),
(487, '49770a51d1af4cfbb1178617b6740022', '玫瑰花语', '小菜鸟', '陪哥几个玩', 1731820999),
(488, '49770a51d1af4cfbb1178617b6740022', '叶落随风', '小菜鸟', '？', 1731817469),
(489, '49770a51d1af4cfbb1178617b6740022', '我要吃火锅', '小菜鸟', '陪我几个哥玩', 1731780320),
(490, '49770a51d1af4cfbb1178617b6740022', '那一抹忧伤', '小菜鸟', '[风扬阵]爽了', 1731780246),
(491, '49770a51d1af4cfbb1178617b6740022', '叶落随风', '小菜鸟', '200个藏宝图', 1731761904),
(492, '49770a51d1af4cfbb1178617b6740022', '鲸落', '小菜鸟', '开', 1731723830),
(493, '49770a51d1af4cfbb1178617b6740022', '叶落随风', '小菜鸟', '水起来哦吼', 1731775600),
(494, '49770a51d1af4cfbb1178617b6740022', '叶落随风', '小菜鸟', '水', 1731819935),
(495, '49770a51d1af4cfbb1178617b6740022', '情非得已', '小菜鸟', '滴滴', 1731738507),
(496, '49770a51d1af4cfbb1178617b6740022', '请叫我红领巾', '小菜鸟', '迷你梦幻真好玩', 1731787496),
(497, '49770a51d1af4cfbb1178617b6740022', '国服花木兰', '小菜鸟', '拖', 1731749895),
(498, '49770a51d1af4cfbb1178617b6740022', '死猪不怕开水烫', '小菜鸟', '5金法宝', 1731786764),
(499, '49770a51d1af4cfbb1178617b6740022', '財神爺', '小菜鸟', '水', 1731815283),
(500, '49770a51d1af4cfbb1178617b6740022', '一念成魔', '小菜鸟', '水任务', 1731813218),
(501, '49770a51d1af4cfbb1178617b6740022', '泡泡茶壶', '小菜鸟', '刷几条', 1731790184),
(502, '49770a51d1af4cfbb1178617b6740022', '守夜人', '小菜鸟', '凑次数', 1731773498),
(503, '49770a51d1af4cfbb1178617b6740022', '꧁༺云霄༻꧂', '小菜鸟', '…！！！我靠', 1731737406),
(504, '49770a51d1af4cfbb1178617b6740022', '朝朝暮暮', '小菜鸟', '水一下', 1731814750),
(505, '49770a51d1af4cfbb1178617b6740022', '暖阳不倾城', '小菜鸟', '来个人聊聊天', 1731821284),
(506, '49770a51d1af4cfbb1178617b6740022', '飛龍在天', '小菜鸟', 'sfdsdf', 1731817441),
(507, '49770a51d1af4cfbb1178617b6740022', '牧童大将军', '小菜鸟', '👀', 1731784375),
(508, '49770a51d1af4cfbb1178617b6740022', '指路明灯', '小菜鸟', 'gshej', 1731795314),
(509, '49770a51d1af4cfbb1178617b6740022', '白开水', '小菜鸟', '可以6转了', 1731764649),
(510, '49770a51d1af4cfbb1178617b6740022', '財神爺', '小菜鸟', '带队', 1731768132),
(511, '49770a51d1af4cfbb1178617b6740022', '胡椒粉', '小菜鸟', '牛', 1731797429),
(512, '49770a51d1af4cfbb1178617b6740022', '南风知我意', '小菜鸟', '你上去了？？', 1731800459),
(513, '49770a51d1af4cfbb1178617b6740022', '童某', '小菜鸟', '上天', 1731750774),
(514, '49770a51d1af4cfbb1178617b6740022', '勾栏听曲丶', '小菜鸟', '@我的噜噜噜 ？？？？可以用了', 1731748403),
(515, '49770a51d1af4cfbb1178617b6740022', '小小怪', '小菜鸟', '？', 1731746046),
(516, '49770a51d1af4cfbb1178617b6740022', '国服花木兰', '小菜鸟', '急急急', 1731814933),
(517, '49770a51d1af4cfbb1178617b6740022', '玫瑰花语', '小菜鸟', 'smqk', 1731808278),
(518, '49770a51d1af4cfbb1178617b6740022', '朝朝暮暮', '小菜鸟', '完了吗', 1731820612),
(519, '49770a51d1af4cfbb1178617b6740022', '牧童大将军', '小菜鸟', '饿了么', 1731751046),
(520, '49770a51d1af4cfbb1178617b6740022', '重温旧梦', '小菜鸟', '@我的噜噜噜 不过你这装备好像不大行啊', 1731811002),
(521, '49770a51d1af4cfbb1178617b6740022', '清风徐来入我梦', '小菜鸟', '？？？', 1731765863),
(522, '49770a51d1af4cfbb1178617b6740022', '落叶随风而去', '小菜鸟', '撒花', 1731804091),
(523, '49770a51d1af4cfbb1178617b6740022', '喂自己袋盐', '小菜鸟', '啥', 1731730944),
(524, '49770a51d1af4cfbb1178617b6740022', '🌊洞房花烛夜🌊', '小菜鸟', '阿浩', 1731763377),
(525, '49770a51d1af4cfbb1178617b6740022', '泡泡茶壶', '小菜鸟', '你好', 1731763459),
(526, '49770a51d1af4cfbb1178617b6740022', '暖阳不倾城', '小菜鸟', 'sbs是不是', 1731746051),
(527, '49770a51d1af4cfbb1178617b6740022', '牧童大将军', '小菜鸟', '不对', 1731784199),
(528, '49770a51d1af4cfbb1178617b6740022', '暖阳不倾城', '小菜鸟', '秦歌', 1731725494),
(529, '49770a51d1af4cfbb1178617b6740022', '金樽清酒斗十千', '小菜鸟', '你是小刚？不对你是周传雄', 1731775758),
(530, '49770a51d1af4cfbb1178617b6740022', '財神爺', '小菜鸟', '他是情歌教父', 1731726172),
(531, '49770a51d1af4cfbb1178617b6740022', '虎头虎脑', '小菜鸟', '水', 1731762876),
(532, '49770a51d1af4cfbb1178617b6740022', '国服花木兰', '小菜鸟', '水', 1731813370),
(533, '49770a51d1af4cfbb1178617b6740022', '国服花木兰', '小菜鸟', '滴滴', 1731805172),
(534, '49770a51d1af4cfbb1178617b6740022', '指路明灯', '小菜鸟', '收白板猪八戒，有的破烂换钱啦，3000收15逆鳞腰带靴子男衣服，5000收一飞白板女逆鳞。q1352106330,v52106330', 1731775041),
(535, '49770a51d1af4cfbb1178617b6740022', '落叶随风而去', '小菜鸟', '晚上吃啥了你们', 1731732972),
(536, '49770a51d1af4cfbb1178617b6740022', '初雪、', '小菜鸟', '滴滴', 1731766567),
(537, '49770a51d1af4cfbb1178617b6740022', '倾城繁华尽', '小菜鸟', '打卡', 1731801931),
(538, '49770a51d1af4cfbb1178617b6740022', '死猪不怕开水烫', '小菜鸟', '@再续阅读 是', 1731808355),
(539, '49770a51d1af4cfbb1178617b6740022', '一粒尘埃', '小菜鸟', '羡慕', 1731753303),
(540, '49770a51d1af4cfbb1178617b6740022', '🌊洞房花烛夜🌊', '小菜鸟', '460的元宝花哪里了？', 1731751058),
(541, '49770a51d1af4cfbb1178617b6740022', '我要吃火锅', '小菜鸟', '真奇怪', 1731816582),
(542, '49770a51d1af4cfbb1178617b6740022', '白开水', '小菜鸟', '错亿', 1731822461),
(543, '49770a51d1af4cfbb1178617b6740022', '金樽清酒斗十千', '小菜鸟', '被我用了', 1731738312),
(544, '49770a51d1af4cfbb1178617b6740022', '南风知我意', '小菜鸟', '哈哈', 1731735831),
(545, '49770a51d1af4cfbb1178617b6740022', '初雪、', '小菜鸟', '[一飞☆玄铁长矛]', 1731784598),
(546, '49770a51d1af4cfbb1178617b6740022', '情非得已', '小菜鸟', '差一点', 1731762360),
(547, '49770a51d1af4cfbb1178617b6740022', '虎头虎脑', '小菜鸟', '[天宫]', 1731800565),
(548, '49770a51d1af4cfbb1178617b6740022', '牧童大将军', '小菜鸟', '打卡', 1731814057),
(549, '49770a51d1af4cfbb1178617b6740022', '牧童大将军', '小菜鸟', '滴滴滴', 1731784115),
(550, '49770a51d1af4cfbb1178617b6740022', '南城', '小菜鸟', '放了亿点万年', 1731760658),
(551, '49770a51d1af4cfbb1178617b6740022', '守夜人', '小菜鸟', '大佬千年也带一下吧', 1731795914),
(552, '49770a51d1af4cfbb1178617b6740022', '一念成魔', '小菜鸟', '打卡打卡', 1731750502),
(553, '49770a51d1af4cfbb1178617b6740022', '情非得已', '小菜鸟', '打卡打卡', 1731795978),
(554, '49770a51d1af4cfbb1178617b6740022', '倾城繁华尽', '小菜鸟', '滴滴滴滴', 1731755263),
(555, '49770a51d1af4cfbb1178617b6740022', '重温旧梦', '小菜鸟', '滴滴滴', 1731818451),
(556, '49770a51d1af4cfbb1178617b6740022', '断舍离', '小菜鸟', '打卡', 1731819528),
(557, '49770a51d1af4cfbb1178617b6740022', '財神爺', '小菜鸟', '💧', 1731730371),
(558, '49770a51d1af4cfbb1178617b6740022', '那一抹忧伤', '小菜鸟', '高级兽决48金', 1731724766),
(559, '49770a51d1af4cfbb1178617b6740022', '玫瑰花语', '小菜鸟', '你收吗？', 1731813369),
(560, '49770a51d1af4cfbb1178617b6740022', '牧童大将军', '小菜鸟', '我卖', 1731752682),
(561, '49770a51d1af4cfbb1178617b6740022', '泡泡茶壶', '小菜鸟', '....都是些垃圾', 1731766195),
(562, '49770a51d1af4cfbb1178617b6740022', '断舍离', '小菜鸟', '你挂之前就看下交易里最低卖多少', 1731733459),
(563, '49770a51d1af4cfbb1178617b6740022', '財神爺', '小菜鸟', '不然你卖不出去的', 1731793706),
(564, '49770a51d1af4cfbb1178617b6740022', '酒剑仙', '小菜鸟', '噢噢，懂了', 1731741280),
(565, '49770a51d1af4cfbb1178617b6740022', '初雪、', '小菜鸟', '8金', 1731778224),
(566, '49770a51d1af4cfbb1178617b6740022', '梦回大唐', '小菜鸟', '滴滴滴滴滴滴', 1731752874),
(567, '49770a51d1af4cfbb1178617b6740022', '酒醉乘风', '小菜鸟', '滴滴打卡', 1731761700),
(568, '49770a51d1af4cfbb1178617b6740022', '꧁༺云霄༻꧂', '小菜鸟', '@龙龙龙王 傻**继续', 1731737771),
(569, '49770a51d1af4cfbb1178617b6740022', '指路明灯', '小菜鸟', '@龙龙龙王 你真是个窝囊废', 1731802676),
(570, '49770a51d1af4cfbb1178617b6740022', '花开富贵', '小菜鸟', '@龙龙龙王你继续哈', 1731723470),
(571, '49770a51d1af4cfbb1178617b6740022', '梦回大唐', '小菜鸟', '@龙龙龙王 被揍得跟**一样，就真变**了', 1731747115),
(572, '49770a51d1af4cfbb1178617b6740022', '勾栏听曲丶', '小菜鸟', '@龙龙龙王 旺财', 1731769864),
(573, '49770a51d1af4cfbb1178617b6740022', '张三', '小菜鸟', '@龙龙龙王 我亲切的问候你母亲😏', 1731814486),
(574, '49770a51d1af4cfbb1178617b6740022', '喂自己袋盐', '小菜鸟', '@龙龙龙王 出来吠两声', 1731738784),
(575, '49770a51d1af4cfbb1178617b6740022', '梦回大唐', '小菜鸟', '哟西', 1731783375),
(576, '49770a51d1af4cfbb1178617b6740022', '张三', '小菜鸟', '打输太多次了，没办法，只能在世界艹你母亲了', 1731723493),
(577, '49770a51d1af4cfbb1178617b6740022', '金樽清酒斗十千', '小菜鸟', '@龙龙龙王', 1731758910),
(578, '49770a51d1af4cfbb1178617b6740022', '胡椒粉', '小菜鸟', '@龙龙龙王 不过，你也是真垃圾，9转那么久也就这样？', 1731774844),
(579, '49770a51d1af4cfbb1178617b6740022', '南城', '小菜鸟', '请收下我的膝盖', 1731747733),
(580, '49770a51d1af4cfbb1178617b6740022', '泡泡茶壶', '小菜鸟', '威武霸气', 1731764661),
(581, '49770a51d1af4cfbb1178617b6740022', '初雪、', '小菜鸟', '果真是高手，是在下输了', 1731796478),
(582, '49770a51d1af4cfbb1178617b6740022', '一只小螃蟹', '小菜鸟', '智慧与美貌并存，温柔且不失刚毅。', 1731750101),
(583, '49770a51d1af4cfbb1178617b6740022', '一粒尘埃', '小菜鸟', '@龙龙龙王 你也是是真窝囊，让碳库打的还不了手', 1731793926),
(584, '49770a51d1af4cfbb1178617b6740022', '一粒尘埃', '小菜鸟', '上来浪一下', 1731756041),
(585, '49770a51d1af4cfbb1178617b6740022', '財神爺', '小菜鸟', '打卡，去睡觉', 1731783428),
(586, '49770a51d1af4cfbb1178617b6740022', '南风知我意', '小菜鸟', '手动点赞', 1731785362),
(587, '49770a51d1af4cfbb1178617b6740022', '金樽清酒斗十千', '小菜鸟', '这个逼装的我给101分，多一分不怕你骄傲！', 1731804912),
(588, '49770a51d1af4cfbb1178617b6740022', '泡泡茶壶', '小菜鸟', '|_・)7天内可以退，我就买来试试看，不喜欢再退', 1731781938),
(589, '49770a51d1af4cfbb1178617b6740022', '守夜人', '小菜鸟', '现在不买等到六十岁了打扮给孙子看吗 ？？？', 1731819877),
(590, '49770a51d1af4cfbb1178617b6740022', 'qqqqq', '小菜鸟', '啦啦啦啦啦', 0),
(591, '49770a51d1af4cfbb1178617b6740022', '勾栏听曲丶', '小菜鸟', '呃呃呃', 0),
(592, '49770a51d1af4cfbb1178617b6740022', '张三', '小菜鸟', '一个永远潦倒', 1731826971),
(593, '49770a51d1af4cfbb1178617b6740022', '喂自己袋盐', '小菜鸟', '一个永远潦倒', 1731826994),
(594, '49770a51d1af4cfbb1178617b6740022', '梦回大唐', '小菜鸟', '一个永远潦倒', 1731827008),
(595, '49770a51d1af4cfbb1178617b6740022', '张三', '小菜鸟', '一个永远潦倒一个永远潦倒一个永远潦倒一个永远潦倒一个永远潦倒', 1731827204),
(596, '49770a51d1af4cfbb1178617b6740022', '金樽清酒斗十千', '小菜鸟', '你顶你顶你', 1731827679),
(597, '49770a51d1af4cfbb1178617b6740022', '胡椒粉', '小菜鸟', '我爱吃西瓜，你呢', 1731827784),
(598, '49770a51d1af4cfbb1178617b6740022', '南城', '小菜鸟', '我爱吃西瓜，你呢', 1731827843),
(599, '49770a51d1af4cfbb1178617b6740022', '泡泡茶壶', '小菜鸟', '你还吃草莓', 1731827933),
(600, '49770a51d1af4cfbb1178617b6740022', '初雪、', '小菜鸟', '22', 1731827994),
(601, '49770a51d1af4cfbb1178617b6740022', '一只小螃蟹', '小菜鸟', '11', 1731828201),
(602, '49770a51d1af4cfbb1178617b6740022', '一粒尘埃', '小菜鸟', '球球', 1731828236),
(603, '49770a51d1af4cfbb1178617b6740022', '一粒尘埃', '小菜鸟', '要说战斗力', 1731828275),
(604, '49770a51d1af4cfbb1178617b6740022', '財神爺', '小菜鸟', '啊啊', 1731828352),
(605, '49770a51d1af4cfbb1178617b6740022', '南风知我意', '小菜鸟', '1111', 1731828489),
(606, '49770a51d1af4cfbb1178617b6740022', '金樽清酒斗十千', '小菜鸟', '全体都有，齐步走', 1731828505),
(607, 'ae42bea3d9784f12835495c36896b71f', '蛀虫阿布', '小菜鸟', '大家好啊', 1732118601),
(608, 'ae42bea3d9784f12835495c36896b71f', '蛀虫阿布', '小菜鸟', '你说你', 1732118961);

-- --------------------------------------------------------

--
-- 表的结构 `log_tree`
--

DROP TABLE IF EXISTS `log_tree`;
CREATE TABLE IF NOT EXISTS `log_tree` (
  `id` bigint(20) UNSIGNED NOT NULL AUTO_INCREMENT COMMENT '唯一Id',
  `role_id` varchar(50) NOT NULL DEFAULT '0' COMMENT '所属玩家Id',
  `message` varchar(200) NOT NULL DEFAULT '' COMMENT '消息内容',
  `time` int(11) UNSIGNED NOT NULL DEFAULT 0 COMMENT '发送时间戳',
  PRIMARY KEY (`id`)
) ENGINE=InnoDB DEFAULT CHARSET=utf8mb4 COLLATE=utf8mb4_general_ci COMMENT='树林日志记录表';

-- --------------------------------------------------------

--
-- 表的结构 `role`
--

DROP TABLE IF EXISTS `role`;
CREATE TABLE IF NOT EXISTS `role` (
  `role_id` varchar(50) NOT NULL DEFAULT '' COMMENT '角色Id',
  `user_id` varchar(50) NOT NULL DEFAULT '' COMMENT '所属用户Id',
  `role_name` varchar(50) NOT NULL DEFAULT '' COMMENT '用户名',
  `level` int(11) UNSIGNED NOT NULL DEFAULT 0 COMMENT '等级',
  `exp` bigint(20) UNSIGNED NOT NULL DEFAULT 0 COMMENT '当前经验值',
  `total_exp` bigint(20) UNSIGNED NOT NULL DEFAULT 0 COMMENT '总经验值',
  `vip` smallint(6) UNSIGNED NOT NULL DEFAULT 0 COMMENT 'VIP等级',
  `vip_exp` int(11) UNSIGNED NOT NULL DEFAULT 0 COMMENT 'VIP经验',
  `total_vip_exp` int(11) UNSIGNED NOT NULL DEFAULT 0 COMMENT '总VIP经验值',
  `sex` tinyint(4) UNSIGNED NOT NULL DEFAULT 0 COMMENT '性别,0保密/1男/2女',
  `field_id` smallint(6) UNSIGNED NOT NULL DEFAULT 0 COMMENT '当前所在场景',
  `bird_num` smallint(6) UNSIGNED NOT NULL DEFAULT 0 COMMENT '小鸟数量',
  `coin` bigint(20) UNSIGNED NOT NULL DEFAULT 0 COMMENT '金钱数量',
  `bank_coin` bigint(20) UNSIGNED NOT NULL DEFAULT 0 COMMENT '银行储存金钱数量',
  `diamond` int(11) UNSIGNED NOT NULL DEFAULT 0 COMMENT '钻石数量',
  `love_point` bigint(20) UNSIGNED NOT NULL DEFAULT 0 COMMENT '爱心值数量',
  `title_id` int(11) UNSIGNED NOT NULL DEFAULT 0 COMMENT '当前装备称号Id',
  `avatar_url` varchar(200) NOT NULL DEFAULT '' COMMENT '头像地址',
  `marriage_type` tinyint(4) UNSIGNED NOT NULL DEFAULT 0 COMMENT '婚姻类型,0无/1喜鹊之恋/2鸳鸯之恋/3比翼鸟之恋/4天使之恋',
  `dynamic` varchar(100) NOT NULL DEFAULT '' COMMENT '心情',
  `reg_time` int(11) UNSIGNED NOT NULL DEFAULT 0 COMMENT '注册时间戳',
  `last_login_time` int(11) UNSIGNED NOT NULL DEFAULT 0 COMMENT '最后一次登录时间戳',
  PRIMARY KEY (`role_id`),
  KEY `user_id` (`user_id`)
) ENGINE=InnoDB DEFAULT CHARSET=utf8mb4 COLLATE=utf8mb4_general_ci COMMENT='角色表';

--
-- 转存表中的数据 `role`
--

INSERT INTO `role` (`role_id`, `user_id`, `role_name`, `level`, `exp`, `total_exp`, `vip`, `vip_exp`, `total_vip_exp`, `sex`, `field_id`, `bird_num`, `coin`, `bank_coin`, `diamond`, `love_point`, `title_id`, `avatar_url`, `marriage_type`, `dynamic`, `reg_time`, `last_login_time`) VALUES
('5330a7e124b54065b49ba15611f89b29', 'qq-2c0e39f741304d0fae470909fbb746c0', '半剑飘东半剑西', 1, 0, 0, 0, 0, 0, 0, 1, 0, 9998, 0, 0, 0, 0, '/assets/images/avatar/d.jpg', 0, '', 1731834110, 1731856123),
('7d6e0bb7594a44dba4c68aabac1b14b3', 'car-8673349586c24ac596d05b4b514e3518', '华尔街之狼', 1, 0, 0, 0, 0, 0, 0, 1, 0, 10000, 0, 0, 0, 0, '/assets/images/avatar/d.jpg', 0, '', 1732086440, 1732086440),
('ae42bea3d9784f12835495c36896b71f', 'car-5aef2f3939114287adaf3ae588d80621', '蛀虫阿布1', 6, 550, 550, 0, 0, 0, 1, 1, 0, 0, 10750, 0, 0, 5, '/assets/images/head/1.png', 0, '修改玩家心情11', 1732026233, 1732198287),
('f4af18a832b24b31ac6b35452f92faff', 'car-e228955529844c9dba6e32e74264faaa', '小镇爱情', 1, 0, 0, 0, 0, 0, 0, 1, 0, 9996, 0, 0, 0, 0, '/assets/images/avatar/d.jpg', 0, '', 1731856716, 1731858864);

-- --------------------------------------------------------

--
-- 表的结构 `role_birth`
--

DROP TABLE IF EXISTS `role_birth`;
CREATE TABLE IF NOT EXISTS `role_birth` (
  `id` int(11) UNSIGNED NOT NULL AUTO_INCREMENT COMMENT '孵化场唯一Id',
  `role_id` varchar(50) NOT NULL DEFAULT '' COMMENT '所属角色Id',
  `idx` int(11) UNSIGNED NOT NULL DEFAULT 0 COMMENT '排序Id',
  `bird_id` int(11) UNSIGNED NOT NULL DEFAULT 0 COMMENT '小鸟Id',
  `bird_base_id` int(11) UNSIGNED NOT NULL DEFAULT 0 COMMENT '小鸟配置Id',
  `match_role_id` int(11) UNSIGNED NOT NULL DEFAULT 0 COMMENT '对方玩家Id',
  `match_role_name` varchar(100) DEFAULT '' COMMENT '对方玩家名称',
  `match_bird_id` int(11) UNSIGNED NOT NULL DEFAULT 0 COMMENT '对方小鸟唯一Id',
  `match_bird_base_id` int(11) UNSIGNED NOT NULL DEFAULT 0 COMMENT '对方小鸟配置Id',
  `birth_time` int(11) UNSIGNED NOT NULL DEFAULT 0 COMMENT '开始配对时间戳',
  `birth_end_time` int(11) UNSIGNED NOT NULL DEFAULT 0 COMMENT '配置结束时间戳',
  `use_nest_id` int(11) UNSIGNED NOT NULL DEFAULT 0 COMMENT '使用巢穴Id',
  `use_nest_num` int(11) UNSIGNED NOT NULL DEFAULT 0 COMMENT '使用巢穴剩余次数',
  PRIMARY KEY (`id`),
  KEY `role_id` (`role_id`)
) ENGINE=InnoDB AUTO_INCREMENT=6 DEFAULT CHARSET=utf8mb4 COLLATE=utf8mb4_general_ci COMMENT='孵化场数据表';

--
-- 转存表中的数据 `role_birth`
--

INSERT INTO `role_birth` (`id`, `role_id`, `idx`, `bird_id`, `bird_base_id`, `match_role_id`, `match_role_name`, `match_bird_id`, `match_bird_base_id`, `birth_time`, `birth_end_time`, `use_nest_id`, `use_nest_num`) VALUES
(2, '5330a7e124b54065b49ba15611f89b29', 1, 0, 0, 0, '', 0, 0, 0, 0, 0, 0),
(3, 'f4af18a832b24b31ac6b35452f92faff', 1, 0, 0, 0, '', 0, 0, 0, 0, 0, 0),
(4, 'ae42bea3d9784f12835495c36896b71f', 1, 0, 0, 0, '', 0, 0, 0, 0, 0, 0),
(5, '7d6e0bb7594a44dba4c68aabac1b14b3', 1, 0, 0, 0, '', 0, 0, 0, 0, 0, 0);

-- --------------------------------------------------------

--
-- 表的结构 `role_cage`
--

DROP TABLE IF EXISTS `role_cage`;
CREATE TABLE IF NOT EXISTS `role_cage` (
  `id` int(11) UNSIGNED NOT NULL AUTO_INCREMENT COMMENT '鸟笼唯一Id',
  `role_id` varchar(50) NOT NULL DEFAULT '' COMMENT '所属角色Id',
  `idx` int(11) UNSIGNED NOT NULL DEFAULT 0 COMMENT '排序Id',
  `bird_id` int(11) UNSIGNED NOT NULL DEFAULT 0 COMMENT '出战小鸟唯一Id',
  `base_brid_id` int(11) UNSIGNED NOT NULL DEFAULT 0 COMMENT '出战小鸟配置Id',
  `use_cage_id` int(11) UNSIGNED NOT NULL DEFAULT 0 COMMENT '使用鸟笼Id',
  `use_cage_num0` int(11) UNSIGNED NOT NULL DEFAULT 0 COMMENT '使用鸟笼剩余次数',
  PRIMARY KEY (`id`),
  KEY `role_id` (`role_id`)
) ENGINE=InnoDB AUTO_INCREMENT=4 DEFAULT CHARSET=utf8mb4 COLLATE=utf8mb4_general_ci COMMENT='鸟笼数据表';

--
-- 转存表中的数据 `role_cage`
--

INSERT INTO `role_cage` (`id`, `role_id`, `idx`, `bird_id`, `base_brid_id`, `use_cage_id`, `use_cage_num0`) VALUES
(3, '', 0, 0, 0, 0, 0);

-- --------------------------------------------------------

--
-- 表的结构 `role_pack`
--

DROP TABLE IF EXISTS `role_pack`;
CREATE TABLE IF NOT EXISTS `role_pack` (
  `id` int(11) UNSIGNED NOT NULL AUTO_INCREMENT COMMENT '唯一Id',
  `role_id` varchar(50) NOT NULL DEFAULT '' COMMENT '所属角色Id',
  `type_id` tinyint(4) UNSIGNED NOT NULL DEFAULT 0 COMMENT '背包类型, 1 诱饵/2 陷阱/3 鸟笼/4 巢穴/5 训练场/6 道具',
  `base_id` int(11) UNSIGNED NOT NULL DEFAULT 0 COMMENT '配置Id',
  `num` int(11) UNSIGNED NOT NULL DEFAULT 0 COMMENT '道具数量',
  PRIMARY KEY (`id`),
  KEY `role_id` (`role_id`),
  KEY `bait_id` (`base_id`)
) ENGINE=InnoDB AUTO_INCREMENT=30 DEFAULT CHARSET=utf8mb4 COLLATE=utf8mb4_general_ci COMMENT='诱饵包裹数据表' ROW_FORMAT=DYNAMIC;

--
-- 转存表中的数据 `role_pack`
--

INSERT INTO `role_pack` (`id`, `role_id`, `type_id`, `base_id`, `num`) VALUES
(27, '5330a7e124b54065b49ba15611f89b29', 1, 1, 0),
(28, 'f4af18a832b24b31ac6b35452f92faff', 1, 1, 2),
(29, 'ae42bea3d9784f12835495c36896b71f', 1, 1, 2);

-- --------------------------------------------------------

--
-- 表的结构 `role_train`
--

DROP TABLE IF EXISTS `role_train`;
CREATE TABLE IF NOT EXISTS `role_train` (
  `id` int(11) UNSIGNED NOT NULL AUTO_INCREMENT COMMENT '训练场唯一Id',
  `role_id` varchar(50) NOT NULL DEFAULT '' COMMENT '所属角色Id',
  `idx` int(11) UNSIGNED NOT NULL DEFAULT 0 COMMENT '排序Id',
  `bird_id` int(11) UNSIGNED NOT NULL DEFAULT 0 COMMENT '训练小鸟Id',
  `bird_base_id` int(11) UNSIGNED NOT NULL DEFAULT 0 COMMENT '训练小鸟配置Id',
  `train_time` int(11) UNSIGNED NOT NULL DEFAULT 0 COMMENT '开始训练时间戳',
  `train_end_time` int(11) UNSIGNED NOT NULL DEFAULT 0 COMMENT '训练结束时间戳',
  `use_train_id` int(11) UNSIGNED NOT NULL DEFAULT 0 COMMENT '使用训练场Id',
  `use_train_expire_time` int(11) UNSIGNED NOT NULL DEFAULT 0 COMMENT '使用训练场过期时间戳',
  PRIMARY KEY (`id`),
  KEY `role_id` (`role_id`)
) ENGINE=InnoDB AUTO_INCREMENT=6 DEFAULT CHARSET=utf8mb4 COLLATE=utf8mb4_general_ci COMMENT='训练场数据表';

--
-- 转存表中的数据 `role_train`
--

INSERT INTO `role_train` (`id`, `role_id`, `idx`, `bird_id`, `bird_base_id`, `train_time`, `train_end_time`, `use_train_id`, `use_train_expire_time`) VALUES
(2, '5330a7e124b54065b49ba15611f89b29', 1, 0, 0, 0, 0, 0, 0),
(3, 'f4af18a832b24b31ac6b35452f92faff', 1, 0, 0, 0, 0, 0, 0),
(4, 'ae42bea3d9784f12835495c36896b71f', 1, 0, 0, 0, 0, 0, 0),
(5, '7d6e0bb7594a44dba4c68aabac1b14b3', 1, 0, 0, 0, 0, 0, 0);

-- --------------------------------------------------------

--
-- 表的结构 `role_trap`
--

DROP TABLE IF EXISTS `role_trap`;
CREATE TABLE IF NOT EXISTS `role_trap` (
  `id` int(11) UNSIGNED NOT NULL AUTO_INCREMENT COMMENT '陷阱唯一Id',
  `role_id` varchar(50) NOT NULL DEFAULT '' COMMENT '所属角色Id',
  `idx` int(11) UNSIGNED NOT NULL DEFAULT 0 COMMENT '顺序Id',
  `bait_id` int(11) UNSIGNED NOT NULL DEFAULT 0 COMMENT '使用诱饵Id',
  `catch_bird_id` int(11) UNSIGNED NOT NULL DEFAULT 0 COMMENT '捕捉小鸟配置Id',
  `catch_bird_sex` tinyint(4) UNSIGNED NOT NULL DEFAULT 0 COMMENT '捕捉小鸟性别, 0中性/1雄性/2雌性',
  `catch_bird_weight` bigint(20) UNSIGNED NOT NULL DEFAULT 0 COMMENT '捕捉小鸟重量',
  `catch_bird_star` tinyint(4) UNSIGNED NOT NULL DEFAULT 0 COMMENT '捕捉小鸟星级',
  `catch_time` int(11) UNSIGNED NOT NULL DEFAULT 0 COMMENT '开始捕捉时间戳',
  `catch_end_time` int(11) UNSIGNED NOT NULL DEFAULT 0 COMMENT '捕捉结束时间戳',
  `use_trap_id` int(11) UNSIGNED NOT NULL DEFAULT 0 COMMENT '使用陷阱Id',
  `use_trap_num` int(11) UNSIGNED NOT NULL DEFAULT 0 COMMENT '使用陷阱剩余次数',
  PRIMARY KEY (`id`),
  KEY `role_id` (`role_id`)
) ENGINE=InnoDB AUTO_INCREMENT=9 DEFAULT CHARSET=utf8mb4 COLLATE=utf8mb4_general_ci COMMENT='陷阱数据表';

--
-- 转存表中的数据 `role_trap`
--

INSERT INTO `role_trap` (`id`, `role_id`, `idx`, `bait_id`, `catch_bird_id`, `catch_bird_sex`, `catch_bird_weight`, `catch_bird_star`, `catch_time`, `catch_end_time`, `use_trap_id`, `use_trap_num`) VALUES
(4, '5330a7e124b54065b49ba15611f89b29', 1, 0, 0, 0, 0, 0, 0, 0, 0, 0),
(5, 'f4af18a832b24b31ac6b35452f92faff', 1, 0, 0, 0, 0, 0, 0, 0, 0, 0),
(7, 'ae42bea3d9784f12835495c36896b71f', 1, 29, 1, 0, 60, 2, 1732198290, 1732198410, 0, 0),
(8, '7d6e0bb7594a44dba4c68aabac1b14b3', 1, 0, 0, 0, 0, 0, 0, 0, 0, 0);

-- --------------------------------------------------------

--
-- 表的结构 `storage_bird`
--

DROP TABLE IF EXISTS `storage_bird`;
CREATE TABLE IF NOT EXISTS `storage_bird` (
  `id` int(11) UNSIGNED NOT NULL AUTO_INCREMENT COMMENT '小鸟唯一Id',
  `role_id` varchar(50) NOT NULL DEFAULT '' COMMENT '所属角色Id',
  `bird_id` int(11) UNSIGNED NOT NULL DEFAULT 0 COMMENT '配置Id',
  `level` smallint(6) UNSIGNED NOT NULL DEFAULT 0 COMMENT '等级',
  `exp` bigint(20) UNSIGNED NOT NULL DEFAULT 0 COMMENT '经验',
  `total_exp` bigint(20) UNSIGNED NOT NULL DEFAULT 0 COMMENT '总经验',
  `sex` tinyint(4) UNSIGNED NOT NULL DEFAULT 0 COMMENT '性别',
  `init_weight` bigint(20) UNSIGNED NOT NULL DEFAULT 0 COMMENT '初始重量, 显示时/100',
  `weight` bigint(20) UNSIGNED NOT NULL DEFAULT 0 COMMENT '当前重量, 显示时/100',
  `star` tinyint(4) UNSIGNED NOT NULL DEFAULT 0 COMMENT '星级',
  `grow` smallint(4) UNSIGNED NOT NULL DEFAULT 0 COMMENT '成长, 显示时/100',
  `ko` smallint(4) UNSIGNED NOT NULL DEFAULT 0 COMMENT '克制',
  `is_lock` tinyint(4) UNSIGNED NOT NULL DEFAULT 0 COMMENT '是否锁定',
  `time` int(11) UNSIGNED NOT NULL DEFAULT 0 COMMENT '捕捉时间戳',
  PRIMARY KEY (`id`),
  KEY `role_id` (`role_id`),
  KEY `bird_id` (`bird_id`)
) ENGINE=InnoDB AUTO_INCREMENT=101 DEFAULT CHARSET=utf8mb4 COLLATE=utf8mb4_general_ci COMMENT='小鸟数据表';

--
-- 转存表中的数据 `storage_bird`
--

INSERT INTO `storage_bird` (`id`, `role_id`, `bird_id`, `level`, `exp`, `total_exp`, `sex`, `init_weight`, `weight`, `star`, `grow`, `ko`, `is_lock`, `time`) VALUES
(1, 'ae42bea3d9784f12835495c36896b71f', 49, 1, 0, 0, 1, 1605, 1605, 0, 1000, 0, 0, 1732121995),
(2, 'ae42bea3d9784f12835495c36896b71f', 49, 1, 0, 0, 1, 1605, 1605, 0, 1000, 0, 0, 1732122106),
(3, 'ae42bea3d9784f12835495c36896b71f', 49, 1, 0, 0, 1, 1605, 1605, 0, 1000, 0, 0, 1732122108),
(4, 'ae42bea3d9784f12835495c36896b71f', 49, 1, 0, 0, 1, 1605, 1605, 0, 1000, 0, 0, 1732122134),
(5, 'ae42bea3d9784f12835495c36896b71f', 49, 1, 0, 0, 1, 1605, 1605, 0, 1000, 0, 0, 1732122267),
(6, 'ae42bea3d9784f12835495c36896b71f', 49, 1, 0, 0, 1, 1605, 1605, 0, 1000, 0, 0, 1732122324),
(7, 'ae42bea3d9784f12835495c36896b71f', 49, 1, 0, 0, 1, 1605, 1605, 0, 1000, 0, 0, 1732122374),
(8, 'ae42bea3d9784f12835495c36896b71f', 49, 1, 0, 0, 1, 1605, 1605, 0, 1000, 0, 0, 1732122426),
(9, 'ae42bea3d9784f12835495c36896b71f', 49, 1, 0, 0, 1, 1605, 1605, 0, 1000, 0, 0, 1732122489),
(10, 'ae42bea3d9784f12835495c36896b71f', 49, 1, 0, 0, 1, 1605, 1605, 0, 1000, 0, 0, 1732122491),
(11, 'ae42bea3d9784f12835495c36896b71f', 49, 1, 0, 0, 1, 1605, 1605, 0, 1000, 0, 0, 1732122504),
(12, 'ae42bea3d9784f12835495c36896b71f', 49, 1, 0, 0, 1, 1605, 1605, 0, 1000, 0, 0, 1732122505),
(13, 'ae42bea3d9784f12835495c36896b71f', 49, 1, 0, 0, 1, 1605, 1605, 0, 1000, 0, 0, 1732122522),
(14, 'ae42bea3d9784f12835495c36896b71f', 49, 1, 0, 0, 1, 1605, 1605, 0, 1000, 0, 0, 1732122576),
(15, 'ae42bea3d9784f12835495c36896b71f', 49, 1, 0, 0, 1, 1605, 1605, 0, 1000, 0, 0, 1732122585),
(16, 'ae42bea3d9784f12835495c36896b71f', 49, 1, 0, 0, 1, 1605, 1605, 0, 1000, 0, 0, 1732123994),
(17, 'ae42bea3d9784f12835495c36896b71f', 49, 1, 0, 0, 1, 1605, 1605, 0, 1000, 0, 0, 1732166044),
(18, 'ae42bea3d9784f12835495c36896b71f', 49, 1, 0, 0, 1, 1605, 1605, 0, 1000, 0, 0, 1732166108),
(19, 'ae42bea3d9784f12835495c36896b71f', 49, 1, 0, 0, 1, 1605, 1605, 0, 1000, 0, 0, 1732166369),
(20, 'ae42bea3d9784f12835495c36896b71f', 49, 1, 0, 0, 1, 1605, 1605, 0, 1000, 0, 0, 1732166456),
(21, 'ae42bea3d9784f12835495c36896b71f', 49, 1, 0, 0, 1, 1605, 1605, 0, 1000, 0, 0, 1732167806),
(22, 'ae42bea3d9784f12835495c36896b71f', 49, 1, 0, 0, 1, 1605, 1605, 0, 1000, 0, 0, 1732167948),
(23, 'ae42bea3d9784f12835495c36896b71f', 49, 1, 0, 0, 1, 1605, 1605, 0, 1000, 0, 0, 1732167959),
(24, 'ae42bea3d9784f12835495c36896b71f', 49, 1, 0, 0, 1, 1605, 1605, 0, 1000, 0, 0, 1732168106),
(25, 'ae42bea3d9784f12835495c36896b71f', 49, 1, 0, 0, 1, 1605, 1605, 0, 1000, 0, 0, 1732168113),
(26, 'ae42bea3d9784f12835495c36896b71f', 49, 1, 0, 0, 1, 1605, 1605, 0, 1000, 0, 0, 1732168118),
(27, 'ae42bea3d9784f12835495c36896b71f', 49, 1, 0, 0, 1, 1605, 1605, 0, 1000, 0, 0, 1732168282),
(28, 'ae42bea3d9784f12835495c36896b71f', 49, 1, 0, 0, 1, 1605, 1605, 0, 1000, 0, 0, 1732168288),
(29, 'ae42bea3d9784f12835495c36896b71f', 49, 1, 0, 0, 1, 1605, 1605, 0, 1000, 0, 0, 1732168291),
(30, 'ae42bea3d9784f12835495c36896b71f', 49, 1, 0, 0, 1, 1605, 1605, 0, 1000, 0, 0, 1732168325),
(31, 'ae42bea3d9784f12835495c36896b71f', 49, 1, 0, 0, 1, 1605, 1605, 0, 1000, 0, 0, 1732168333),
(32, 'ae42bea3d9784f12835495c36896b71f', 49, 1, 0, 0, 1, 1605, 1605, 0, 1000, 0, 0, 1732168377),
(33, 'ae42bea3d9784f12835495c36896b71f', 49, 1, 0, 0, 1, 1605, 1605, 0, 1000, 0, 0, 1732168387),
(34, 'ae42bea3d9784f12835495c36896b71f', 49, 1, 0, 0, 1, 1605, 1605, 0, 1000, 0, 0, 1732168390),
(35, 'ae42bea3d9784f12835495c36896b71f', 49, 1, 0, 0, 1, 1605, 1605, 0, 1000, 0, 0, 1732168390),
(36, 'ae42bea3d9784f12835495c36896b71f', 49, 1, 0, 0, 1, 1605, 1605, 0, 1000, 0, 0, 1732168390),
(37, 'ae42bea3d9784f12835495c36896b71f', 49, 1, 0, 0, 1, 1605, 1605, 0, 1000, 0, 0, 1732168390),
(38, 'ae42bea3d9784f12835495c36896b71f', 49, 1, 0, 0, 1, 1605, 1605, 0, 1000, 0, 0, 1732168391),
(39, 'ae42bea3d9784f12835495c36896b71f', 49, 1, 0, 0, 1, 1605, 1605, 0, 1000, 0, 0, 1732168391),
(40, 'ae42bea3d9784f12835495c36896b71f', 49, 1, 0, 0, 1, 1605, 1605, 0, 1000, 0, 0, 1732168391),
(41, 'ae42bea3d9784f12835495c36896b71f', 49, 1, 0, 0, 1, 1605, 1605, 0, 1000, 0, 0, 1732168391),
(42, 'ae42bea3d9784f12835495c36896b71f', 49, 1, 0, 0, 1, 1605, 1605, 0, 1000, 0, 0, 1732168391),
(43, 'ae42bea3d9784f12835495c36896b71f', 49, 1, 0, 0, 1, 1605, 1605, 0, 1000, 0, 0, 1732168393),
(44, 'ae42bea3d9784f12835495c36896b71f', 49, 1, 0, 0, 1, 1605, 1605, 0, 1000, 0, 0, 1732168393),
(45, 'ae42bea3d9784f12835495c36896b71f', 49, 1, 0, 0, 1, 1605, 1605, 0, 1000, 0, 0, 1732168393),
(46, 'ae42bea3d9784f12835495c36896b71f', 49, 1, 0, 0, 1, 1605, 1605, 0, 1000, 0, 0, 1732168393),
(47, 'ae42bea3d9784f12835495c36896b71f', 49, 1, 0, 0, 1, 1605, 1605, 0, 1000, 0, 0, 1732168393),
(48, 'ae42bea3d9784f12835495c36896b71f', 49, 1, 0, 0, 1, 1605, 1605, 0, 1000, 0, 0, 1732168394),
(49, 'ae42bea3d9784f12835495c36896b71f', 49, 1, 0, 0, 1, 1605, 1605, 0, 1000, 0, 0, 1732168394),
(50, 'ae42bea3d9784f12835495c36896b71f', 49, 1, 0, 0, 1, 1605, 1605, 0, 1000, 0, 0, 1732168394),
(51, 'ae42bea3d9784f12835495c36896b71f', 49, 1, 0, 0, 1, 1605, 1605, 0, 1000, 0, 0, 1732168394),
(52, 'ae42bea3d9784f12835495c36896b71f', 49, 1, 0, 0, 1, 1605, 1605, 0, 1000, 0, 0, 1732168394),
(53, 'ae42bea3d9784f12835495c36896b71f', 49, 1, 0, 0, 1, 1605, 1605, 0, 1000, 0, 0, 1732168394),
(54, 'ae42bea3d9784f12835495c36896b71f', 49, 1, 0, 0, 1, 1605, 1605, 0, 1000, 0, 0, 1732168395),
(55, 'ae42bea3d9784f12835495c36896b71f', 49, 1, 0, 0, 1, 1605, 1605, 0, 1000, 0, 0, 1732168395),
(56, 'ae42bea3d9784f12835495c36896b71f', 49, 1, 0, 0, 1, 1605, 1605, 0, 1000, 0, 0, 1732168395),
(57, 'ae42bea3d9784f12835495c36896b71f', 49, 1, 0, 0, 1, 1605, 1605, 0, 1000, 0, 0, 1732168395),
(58, 'ae42bea3d9784f12835495c36896b71f', 49, 1, 0, 0, 1, 1605, 1605, 0, 1000, 0, 0, 1732168395),
(59, 'ae42bea3d9784f12835495c36896b71f', 49, 1, 0, 0, 1, 1605, 1605, 0, 1000, 0, 0, 1732168395),
(60, 'ae42bea3d9784f12835495c36896b71f', 49, 1, 0, 0, 1, 1605, 1605, 0, 1000, 0, 0, 1732168396),
(61, 'ae42bea3d9784f12835495c36896b71f', 49, 1, 0, 0, 1, 1605, 1605, 0, 1000, 0, 0, 1732168396),
(62, 'ae42bea3d9784f12835495c36896b71f', 49, 1, 0, 0, 1, 1605, 1605, 0, 1000, 0, 0, 1732168396),
(63, 'ae42bea3d9784f12835495c36896b71f', 49, 1, 0, 0, 1, 1605, 1605, 0, 1000, 0, 0, 1732168396),
(64, 'ae42bea3d9784f12835495c36896b71f', 49, 1, 0, 0, 1, 1605, 1605, 0, 1000, 0, 0, 1732168396),
(65, 'ae42bea3d9784f12835495c36896b71f', 49, 1, 0, 0, 1, 1605, 1605, 0, 1000, 0, 0, 1732168396),
(66, 'ae42bea3d9784f12835495c36896b71f', 49, 1, 0, 0, 1, 1605, 1605, 0, 1000, 0, 0, 1732168397),
(67, 'ae42bea3d9784f12835495c36896b71f', 49, 1, 0, 0, 1, 1605, 1605, 0, 1000, 0, 0, 1732168397),
(68, 'ae42bea3d9784f12835495c36896b71f', 49, 1, 0, 0, 1, 1605, 1605, 0, 1000, 0, 0, 1732168397),
(69, 'ae42bea3d9784f12835495c36896b71f', 49, 1, 0, 0, 1, 1605, 1605, 0, 1000, 0, 0, 1732168397),
(70, 'ae42bea3d9784f12835495c36896b71f', 49, 1, 0, 0, 1, 1605, 1605, 0, 1000, 0, 0, 1732168397),
(71, 'ae42bea3d9784f12835495c36896b71f', 49, 1, 0, 0, 1, 1605, 1605, 0, 1000, 0, 0, 1732168398),
(72, 'ae42bea3d9784f12835495c36896b71f', 49, 1, 0, 0, 1, 1605, 1605, 0, 1000, 0, 0, 1732168398),
(73, 'ae42bea3d9784f12835495c36896b71f', 49, 1, 0, 0, 1, 1605, 1605, 0, 1000, 0, 0, 1732168398),
(74, 'ae42bea3d9784f12835495c36896b71f', 49, 1, 0, 0, 1, 1605, 1605, 0, 1000, 0, 0, 1732168398),
(75, 'ae42bea3d9784f12835495c36896b71f', 49, 1, 0, 0, 1, 1605, 1605, 0, 1000, 0, 0, 1732168398),
(76, 'ae42bea3d9784f12835495c36896b71f', 49, 1, 0, 0, 1, 1605, 1605, 0, 1000, 0, 0, 1732168398),
(77, 'ae42bea3d9784f12835495c36896b71f', 49, 1, 0, 0, 1, 1605, 1605, 0, 1000, 0, 0, 1732168398),
(78, 'ae42bea3d9784f12835495c36896b71f', 49, 1, 0, 0, 1, 1605, 1605, 0, 1000, 0, 0, 1732168399),
(79, 'ae42bea3d9784f12835495c36896b71f', 49, 1, 0, 0, 1, 1605, 1605, 0, 1000, 0, 0, 1732168399),
(80, 'ae42bea3d9784f12835495c36896b71f', 49, 1, 0, 0, 1, 1605, 1605, 0, 1000, 0, 0, 1732168399),
(81, 'ae42bea3d9784f12835495c36896b71f', 49, 1, 0, 0, 1, 1605, 1605, 0, 1000, 0, 0, 1732168399),
(82, 'ae42bea3d9784f12835495c36896b71f', 49, 1, 0, 0, 1, 1605, 1605, 0, 1000, 0, 0, 1732168399),
(83, 'ae42bea3d9784f12835495c36896b71f', 49, 1, 0, 0, 1, 1605, 1605, 0, 1000, 0, 0, 1732168400),
(84, 'ae42bea3d9784f12835495c36896b71f', 49, 1, 0, 0, 1, 1605, 1605, 0, 1000, 0, 0, 1732168400),
(85, 'ae42bea3d9784f12835495c36896b71f', 49, 1, 0, 0, 1, 1605, 1605, 0, 1000, 0, 0, 1732187260),
(86, 'ae42bea3d9784f12835495c36896b71f', 49, 1, 0, 0, 1, 1605, 1605, 0, 1000, 0, 0, 1732187264),
(87, 'ae42bea3d9784f12835495c36896b71f', 49, 1, 0, 0, 1, 1605, 1605, 0, 1000, 0, 0, 1732187266),
(88, 'ae42bea3d9784f12835495c36896b71f', 49, 1, 0, 0, 1, 1605, 1605, 0, 1000, 0, 0, 1732187269),
(89, 'ae42bea3d9784f12835495c36896b71f', 49, 1, 0, 0, 1, 1605, 1605, 0, 1000, 0, 0, 1732187272),
(90, 'ae42bea3d9784f12835495c36896b71f', 49, 1, 0, 0, 1, 1605, 1605, 0, 1000, 0, 0, 1732187274),
(91, 'ae42bea3d9784f12835495c36896b71f', 49, 1, 0, 0, 1, 1605, 1605, 0, 1000, 0, 0, 1732187277),
(92, 'ae42bea3d9784f12835495c36896b71f', 49, 1, 0, 0, 1, 1605, 1605, 0, 1000, 0, 0, 1732187307),
(93, 'ae42bea3d9784f12835495c36896b71f', 49, 1, 0, 0, 1, 1605, 1605, 0, 1000, 0, 0, 1732187308),
(94, 'ae42bea3d9784f12835495c36896b71f', 49, 1, 0, 0, 1, 1605, 1605, 0, 1000, 0, 0, 1732187621),
(95, 'ae42bea3d9784f12835495c36896b71f', 49, 1, 0, 0, 1, 1605, 1605, 0, 1000, 0, 0, 1732187679),
(96, 'ae42bea3d9784f12835495c36896b71f', 2, 1, 0, 0, 1, 79, 79, 0, 1000, 0, 0, 1732188065),
(97, 'ae42bea3d9784f12835495c36896b71f', 1, 1, 0, 0, 1, 90, 90, 0, 1000, 0, 0, 1732188263),
(98, 'ae42bea3d9784f12835495c36896b71f', 1, 1, 0, 0, 0, 100, 100, 0, 1000, 0, 0, 1732188418),
(99, 'ae42bea3d9784f12835495c36896b71f', 2, 1, 0, 0, 1, 138, 138, 0, 1000, 0, 0, 1732190326),
(100, 'ae42bea3d9784f12835495c36896b71f', 1, 1, 0, 0, 0, 61, 61, 2, 1000, 0, 0, 1732190732);

-- --------------------------------------------------------

--
-- 表的结构 `storage_collect`
--

DROP TABLE IF EXISTS `storage_collect`;
CREATE TABLE IF NOT EXISTS `storage_collect` (
  `id` int(11) UNSIGNED NOT NULL DEFAULT 0 COMMENT '小鸟唯一Id',
  `role_id` varchar(50) NOT NULL DEFAULT '' COMMENT '所属角色Id',
  `bird_id` int(11) UNSIGNED NOT NULL DEFAULT 0 COMMENT '配置Id',
  `level` smallint(6) UNSIGNED NOT NULL DEFAULT 0 COMMENT '等级',
  `exp` bigint(20) UNSIGNED NOT NULL DEFAULT 0 COMMENT '经验',
  `sex` tinyint(4) UNSIGNED NOT NULL DEFAULT 0 COMMENT '性别',
  `init_weight` bigint(20) UNSIGNED NOT NULL DEFAULT 0 COMMENT '初始重量',
  `weight` bigint(20) UNSIGNED NOT NULL DEFAULT 0 COMMENT '当前重量',
  `grow` smallint(4) UNSIGNED NOT NULL DEFAULT 0 COMMENT '成长',
  `restrained` smallint(4) UNSIGNED NOT NULL DEFAULT 0 COMMENT '克制',
  `is_lock` tinyint(4) UNSIGNED NOT NULL DEFAULT 0 COMMENT '是否锁定',
  `time` int(11) UNSIGNED NOT NULL DEFAULT 0 COMMENT '捕捉时间戳',
  PRIMARY KEY (`id`),
  KEY `role_id` (`role_id`),
  KEY `bird_id` (`bird_id`)
) ENGINE=InnoDB DEFAULT CHARSET=utf8mb4 COLLATE=utf8mb4_general_ci COMMENT='收藏品数据表';

-- --------------------------------------------------------

--
-- 表的结构 `storage_gift`
--

DROP TABLE IF EXISTS `storage_gift`;
CREATE TABLE IF NOT EXISTS `storage_gift` (
  `id` int(11) UNSIGNED NOT NULL DEFAULT 0 COMMENT '小鸟唯一Id',
  `role_id` varchar(50) NOT NULL DEFAULT '' COMMENT '所属角色Id',
  `bird_id` int(11) UNSIGNED NOT NULL DEFAULT 0 COMMENT '配置Id',
  `level` smallint(6) UNSIGNED NOT NULL DEFAULT 0 COMMENT '等级',
  `exp` bigint(20) UNSIGNED NOT NULL DEFAULT 0 COMMENT '经验',
  `sex` tinyint(4) UNSIGNED NOT NULL DEFAULT 0 COMMENT '性别',
  `init_weight` bigint(20) UNSIGNED NOT NULL DEFAULT 0 COMMENT '初始重量',
  `weight` bigint(20) UNSIGNED NOT NULL DEFAULT 0 COMMENT '当前重量',
  `grow` smallint(4) UNSIGNED NOT NULL DEFAULT 0 COMMENT '成长',
  `restrained` smallint(4) UNSIGNED NOT NULL DEFAULT 0 COMMENT '克制',
  `is_lock` tinyint(4) UNSIGNED NOT NULL DEFAULT 0 COMMENT '是否锁定',
  `time` int(11) UNSIGNED NOT NULL DEFAULT 0 COMMENT '捕捉时间戳',
  PRIMARY KEY (`id`),
  KEY `role_id` (`role_id`),
  KEY `bird_id` (`bird_id`)
) ENGINE=InnoDB DEFAULT CHARSET=utf8mb4 COLLATE=utf8mb4_general_ci COMMENT='礼物数据表';
COMMIT;

/*!40101 SET CHARACTER_SET_CLIENT=@OLD_CHARACTER_SET_CLIENT */;
/*!40101 SET CHARACTER_SET_RESULTS=@OLD_CHARACTER_SET_RESULTS */;
/*!40101 SET COLLATION_CONNECTION=@OLD_COLLATION_CONNECTION */;
